{"stats":{"minecraft:mined":{"iceandfire:frost_lily":1,"minecraft:spruce_log":4},"minecraft:picked_up":{"minecraft:spruce_log":4,"iceandfire:frost_lily":2},"minecraft:dropped":{"iceandfire:frost_lily":2},"minecraft:used":{"alexsmobs:animal_dictionary":4},"minecraft:custom":{"minecraft:jump":245,"minecraft:time_since_rest":16610,"minecraft:damage_taken":10,"minecraft:crouch_one_cm":925,"minecraft:leave_game":2,"minecraft:play_time":16610,"minecraft:sprint_one_cm":28402,"minecraft:time_since_death":16610,"minecraft:walk_one_cm":46401,"minecraft:sneak_time":522,"minecraft:total_world_time":16610,"minecraft:drop":2,"minecraft:fall_one_cm":5459,"minecraft:fly_one_cm":61928}},"DataVersion":3465}