{"stats":{"minecraft:mined":{"minecraft:large_fern":7,"luminousworld:mossbuds_2":2,"minecraft:grass_block":4,"minecraft:dirt":2,"minecraft:sweet_berry_bush":2,"iceandfire:frost_lily":1,"minecraft:spruce_leaves":5,"minecraft:spruce_log":10},"minecraft:crafted":{"minecraft:spruce_planks":40},"minecraft:picked_up":{"minecraft:sweet_berries":5,"minecraft:wheat_seeds":1,"luminousworld:blueberry":3,"iceandfire:frost_lily":2,"minecraft:spruce_log":10,"minecraft:mutton":6,"minecraft:dirt":4,"minecraft:white_wool":3},"minecraft:killed":{"minecraft:sheep":3},"minecraft:dropped":{"iceandfire:frost_lily":2,"tombstone:grave_key":1,"luminousworld:blueberry":1},"minecraft:used":{"minecraft:mutton":2,"luminousworld:blueberry":1,"minecraft:sweet_berries":6,"alexsmobs:animal_dictionary":4,"minecraft:spruce_planks":14},"minecraft:killed_by":{"undead_revamp2:thehunter":1,"minecraft:zombie":1},"minecraft:custom":{"minecraft:time_since_rest":1,"minecraft:crouch_one_cm":1126,"minecraft:sprint_one_cm":64303,"minecraft:play_time":28610,"minecraft:deaths":2,"minecraft:damage_taken":495,"minecraft:walk_one_cm":112467,"minecraft:sneak_time":754,"minecraft:mob_kills":3,"minecraft:drop":4,"minecraft:jump":559,"minecraft:walk_on_water_one_cm":589,"minecraft:damage_dealt":222,"minecraft:leave_game":2,"minecraft:time_since_death":1212,"minecraft:total_world_time":28610,"minecraft:fall_one_cm":10143,"minecraft:fly_one_cm":120058}},"DataVersion":3465}