{"stats":{"minecraft:used":{"minecraft:cooked_mutton":4,"minecraft:stone_pickaxe":12,"luminousworld:blackberry":1,"minecraft:baked_potato":6,"minecraft:spruce_planks":14,"minecraft:wooden_pickaxe":26,"minecraft:blue_bed":2,"minecraft:rotten_flesh":2,"minecraft:dirt":2,"minecraft:mutton":2,"minecraft:crafting_table":3,"minecraft:wooden_axe":43,"luminousworld:blueberry":1,"minecraft:string":1,"minecraft:spruce_sapling":1,"minecraft:wooden_sword":36,"minecraft:sweet_berries":6,"tombstone:gift":4,"alexsmobs:animal_dictionary":4,"minecraft:potato":23},"minecraft:crafted":{"minecraft:wooden_sword":1,"minecraft:crafting_table":3,"minecraft:spruce_planks":136,"minecraft:wooden_pickaxe":1,"minecraft:baked_potato":3,"minecraft:cooked_mutton":3,"minecraft:stick":16,"minecraft:stone_pickaxe":1,"minecraft:wooden_axe":1,"minecraft:torch":32},"minecraft:killed_by":{"minecraft:skeleton":1,"minecraft:zombie":1,"luminousworld:frost_bitten_skeleton":2},"minecraft:mined":{"minecraft:dark_oak_planks":1,"luminousworld:groundpebbles_1":1,"luminousworld:grassvariant_4":2,"minecraft:cobblestone_stairs":1,"ecologics:thin_ice":2,"luminousworld:mossbuds_2":4,"minecraft:grass_block":11,"luminousworld:spuds":1,"minecraft:white_stained_glass":1,"minecraft:campfire":1,"luminousworld:blackberrybush":1,"minecraft:spruce_leaves":11,"minecraft:iron_door":1,"luminousworld:groundpebbles_3":1,"minecraft:blue_bed":4,"minecraft:large_fern":9,"minecraft:hay_block":1,"minecraft:iron_ore":6,"minecraft:sweet_berry_bush":2,"minecraft:ice":2,"placeablesmod:iron_ingot_block_1":2,"minecraft:spruce_log":35,"minecraft:stripped_spruce_log":2,"minecraft:dark_oak_stairs":2,"minecraft:grass":1,"minecraft:coal_ore":8,"minecraft:dirt_path":2,"minecraft:iron_bars":1,"minecraft:dirt":14,"minecraft:cobweb":2,"iceandfire:frost_lily":2,"minecraft:potted_cornflower":1,"minecraft:stone":6},"minecraft:dropped":{"minecraft:baked_potato":1,"minecraft:lantern":1,"quark:white_shard":2,"luminousworld:blueberry":1,"minecraft:item_frame":1,"tombstone:grave_key":3,"luminousworld:groundpebbles_1":1,"minecraft:wooden_axe":1,"iceandfire:frost_lily":3,"minecraft:arrow":1,"minecraft:string":1,"minecraft:spruce_sapling":2,"minecraft:armor_stand":1,"minecraft:bone":2},"minecraft:killed":{"luminousworld:frostbitten_zombie":2,"luminousworld:frost_bitten_skeleton":1,"creeperoverhaul:snowy_creeper":2,"minecraft:sheep":4,"minecraft:cow":4},"minecraft:custom":{"minecraft:interact_with_furnace":8,"minecraft:mob_kills":18,"minecraft:interact_with_crafting_table":6,"minecraft:tune_noteblock":1,"minecraft:interact_with_campfire":4,"minecraft:pot_flower":1,"minecraft:eat_cake_slice":10,"minecraft:leave_game":5,"minecraft:time_since_death":11075,"minecraft:sleep_in_bed":5,"minecraft:climb_one_cm":141,"minecraft:time_since_rest":8862,"minecraft:sprint_one_cm":439973,"minecraft:damage_taken":2207,"minecraft:walk_one_cm":496201,"minecraft:drop":21,"minecraft:damage_dealt":2367,"minecraft:play_noteblock":2,"minecraft:swim_one_cm":10756,"minecraft:talked_to_villager":1,"minecraft:fly_one_cm":676367,"minecraft:open_chest":4,"minecraft:crouch_one_cm":2474,"minecraft:play_time":120388,"tombstone:undead_killed":4,"minecraft:deaths":7,"minecraft:sneak_time":1411,"minecraft:walk_under_water_one_cm":3679,"minecraft:jump":2955,"minecraft:walk_on_water_one_cm":7754,"minecraft:total_world_time":120388,"minecraft:fall_one_cm":74077},"minecraft:picked_up":{"minecraft:wooden_axe":1,"luminousworld:groundpebbles_1":1,"minecraft:charcoal":2,"luminousworld:blackberry":3,"minecraft:flower_pot":1,"minecraft:leather":4,"minecraft:potato":10,"minecraft:cobblestone_stairs":1,"minecraft:string":2,"minecraft:blue_bed":3,"minecraft:cornflower":1,"minecraft:dirt":24,"minecraft:lantern":2,"minecraft:armor_stand":1,"minecraft:cooked_mutton":1,"minecraft:item_frame":3,"minecraft:bone":2,"minecraft:wheat_seeds":1,"minecraft:diamond_leggings":1,"iceandfire:frost_lily":3,"minecraft:beef":8,"minecraft:iron_ingot":4,"minecraft:dark_oak_stairs":2,"minecraft:raw_iron":6,"quark:white_shard":2,"minecraft:sweet_berries":5,"minecraft:spruce_sapling":4,"minecraft:spruce_log":34,"minecraft:dark_oak_planks":1,"minecraft:arrow":1,"minecraft:rotten_flesh":2,"luminousworld:blueberry":3,"minecraft:hay_block":1,"minecraft:baked_potato":4,"minecraft:skeleton_skull":1,"minecraft:mutton":9,"minecraft:iron_bars":1,"minecraft:coal":8,"minecraft:white_wool":5,"minecraft:cobblestone":6}},"DataVersion":3465}