{"stats":{"minecraft:custom":{"minecraft:mob_kills":46,"minecraft:interact_with_crafting_table":37,"minecraft:interact_with_campfire":4,"minecraft:damage_dealt_resisted":200,"minecraft:eat_cake_slice":10,"minecraft:leave_game":8,"minecraft:time_since_death":75956,"minecraft:climb_one_cm":7952,"minecraft:sprint_one_cm":845173,"minecraft:walk_one_cm":1016628,"minecraft:drop":34,"minecraft:play_noteblock":2,"minecraft:talked_to_villager":4,"minecraft:play_time":285578,"minecraft:deaths":15,"minecraft:sneak_time":2338,"minecraft:walk_under_water_one_cm":30186,"minecraft:jump":6448,"minecraft:walk_on_water_one_cm":52235,"minecraft:total_world_time":285578,"minecraft:interact_with_furnace":24,"minecraft:interact_with_cartography_table":2,"minecraft:tune_noteblock":1,"minecraft:pot_flower":1,"minecraft:interact_with_stonecutter":1,"minecraft:sleep_in_bed":15,"minecraft:time_since_rest":10717,"minecraft:damage_absorbed":40,"minecraft:damage_taken":5164,"tombstone:sneak_grave":1,"minecraft:damage_dealt":6804,"minecraft:swim_one_cm":47878,"minecraft:fly_one_cm":2618557,"minecraft:open_chest":46,"minecraft:crouch_one_cm":3915,"tombstone:undead_killed":8,"minecraft:fall_one_cm":109500},"minecraft:broken":{"minecraft:wooden_pickaxe":1,"minecraft:stone_pickaxe":1,"minecraft:wooden_sword":1,"minecraft:wooden_axe":3},"minecraft:crafted":{"minecraft:wooden_sword":1,"minecraft:oak_planks":4,"minecraft:stone_shovel":1,"minecraft:furnace":2,"naturalist:cooked_bass":3,"minecraft:cooked_mutton":3,"vanillaplustools:iron_hammer":1,"minecraft:diamond_helmet":1,"minecraft:stone_pickaxe":1,"minecraft:diamond_boots":1,"quark:spruce_chest":2,"minecraft:crafting_table":5,"minecraft:spruce_planks":228,"minecraft:baked_potato":3,"minecraft:wooden_pickaxe":1,"minecraft:iron_sword":1,"minecraft:bucket":1,"minecraft:air":0,"minecraft:stick":48,"minecraft:iron_ingot":31,"minecraft:iron_pickaxe":9,"minecraft:wooden_axe":3,"minecraft:torch":32,"minecraft:diamond_chestplate":1},"minecraft:killed":{"twilightforest:deer":1,"luminousworld:frostbitten_zombie":3,"twilightforest:hostile_wolf":3,"luminousworld:swallowtail":1,"luminousworld:frost_bitten_skeleton":1,"luminousworld:sunken_skeleton":1,"enemyexpansion:direwolf":1,"creeperoverhaul:snowy_creeper":2,"twilightforest:swarm_spider":2,"takesapillage:clay_golem":1,"naturalist:bass":4,"luminousworld:bass_fish":2,"luminousworld:firefly":1,"minecraft:iron_golem":1,"twilightforest:kobold":1,"twilightforest:skeleton_druid":1,"earthmobsmod:wooly_cow":1,"minecraft:sheep":4,"alexsmobs:catfish":3,"minecraft:zombie":1,"alexsmobs:crocodile":1,"minecraft:cow":4,"enemyexpansion:slugger":1},"minecraft:killed_by":{"minecraft:snow_golem":1,"minecraft:creeper":1,"enemyexpansion:vampire":1,"alexsmobs:crocodile":3,"minecraft:skeleton":1,"minecraft:zombie":1,"luminousworld:frost_bitten_skeleton":2,"takesapillage:clay_golem":1},"minecraft:used":{"minecraft:stone_shovel":84,"minecraft:poppy":4,"minecraft:spruce_planks":78,"minecraft:iron_sword":67,"minecraft:rotten_flesh":2,"minecraft:torch":2,"minecraft:dirt":6,"minecraft:mutton":2,"naturalist:cooked_bass":3,"minecraft:granite":1,"minecraft:wooden_axe":129,"quark:spruce_chest":3,"luminousworld:blueberry":3,"minecraft:beef":1,"minecraft:written_book":2,"minecraft:sweet_berries":42,"minecraft:furnace":2,"tombstone:gift":6,"minecraft:cooked_beef":4,"minecraft:potato":31,"minecraft:pumpkin":1,"minecraft:cobbled_deepslate":61,"minecraft:cooked_mutton":4,"minecraft:water_bucket":4,"minecraft:diorite":10,"minecraft:stone_pickaxe":131,"luminousworld:blackberry":1,"minecraft:baked_potato":6,"minecraft:wooden_pickaxe":59,"luminousworld:ishstone":8,"minecraft:blue_bed":8,"minecraft:golden_apple":1,"minecraft:crafting_table":5,"quark:yellow_corundum":1,"minecraft:bread":3,"minecraft:string":1,"minecraft:iron_pickaxe":225,"twilightforest:firefly_jar":1,"minecraft:spruce_sapling":1,"minecraft:wooden_sword":55,"twilightforest:raw_venison":2,"minecraft:cobblestone":21,"vanillaplustools:iron_hammer":213,"minecraft:bucket":4,"alexsmobs:animal_dictionary":4,"minecraft:dandelion":8},"minecraft:mined":{"minecraft:dark_oak_planks":1,"luminousworld:groundpebbles_1":1,"minecraft:tuff":12,"minecraft:spruce_planks":6,"iceandfire:silver_ore":5,"minecraft:deepslate_diamond_ore":18,"luminousworld:grassvariant_4":2,"luminousworld:blueberry_stage_1":1,"minecraft:cobblestone_stairs":1,"luminousworld:mossbuds_1":3,"minecraft:granite":10,"luminousworld:mossbuds_2":9,"minecraft:grass_block":45,"minecraft:white_stained_glass":1,"luminousworld:grassvariant_2":1,"quark:yellow_corundum":1,"luminousworld:blackberrybush":2,"minecraft:spruce_leaves":18,"minecraft:composter":1,"luminousworld:groundpebbles_3":1,"minecraft:spawner":4,"minecraft:large_fern":13,"minecraft:hay_block":1,"minecraft:iron_ore":44,"twilightforest:twilight_oak_leaves":4,"twilightforest:twilight_oak_wood":1,"minecraft:andesite":128,"minecraft:stripped_spruce_log":3,"minecraft:pumpkin":1,"luminousworld:mossbuds_3":1,"minecraft:dark_oak_stairs":2,"minecraft:dirt_path":3,"minecraft:iron_bars":1,"iceandfire:frost_lily":2,"minecraft:potted_cornflower":1,"minecraft:stone":837,"minecraft:dandelion":9,"ecologics:thin_ice":2,"minecraft:crafting_table":1,"minecraft:poppy":8,"minecraft:chest":1,"twilightforest:twilight_oak_log":1,"luminousworld:spuds":2,"minecraft:campfire":1,"minecraft:tall_grass":1,"minecraft:copper_ore":8,"minecraft:cobblestone":7,"minecraft:lapis_ore":2,"minecraft:diorite":123,"minecraft:iron_door":1,"minecraft:blue_bed":8,"minecraft:deepslate_copper_ore":6,"minecraft:redstone_torch":1,"minecraft:sweet_berry_bush":15,"minecraft:ice":2,"placeablesmod:iron_ingot_block_1":2,"minecraft:spruce_log":70,"minecraft:grass":14,"minecraft:oak_log":1,"minecraft:coal_ore":12,"luminousworld:ishstone":20,"quark:spruce_chest":1,"minecraft:gravel":40,"minecraft:dripstone_block":1,"minecraft:dirt":51,"quark:yellow_corundum_cluster":3,"minecraft:cobweb":2,"quark:violet_corundum_cluster":1,"minecraft:oak_leaves":5,"minecraft:deepslate":748,"minecraft:fern":2,"twilightforest:firefly":1},"minecraft:dropped":{"minecraft:baked_potato":1,"minecraft:diamond":1,"minecraft:lantern":2,"luminousworld:blueberry":1,"minecraft:item_frame":1,"minecraft:dirt":1,"tombstone:grave_key":4,"minecraft:wooden_axe":1,"minecraft:diamond_helmet":1,"minecraft:string":1,"minecraft:bone":2,"minecraft:spruce_sapling":2,"minecraft:armor_stand":1,"twilightforest:raw_venison":2,"minecraft:cobbled_deepslate":1,"quark:white_shard":2,"minecraft:flower_pot":1,"minecraft:diamond_chestplate":1,"minecraft:spruce_planks":8,"luminousworld:groundpebbles_1":1,"iceandfire:frost_lily":3,"minecraft:diamond_boots":1,"minecraft:iron_bars":1,"minecraft:arrow":1},"minecraft:picked_up":{"minecraft:wooden_axe":1,"minecraft:chicken":1,"luminousworld:groundpebbles_1":1,"minecraft:charcoal":2,"minecraft:crafting_table":1,"minecraft:allium":1,"minecraft:flower_pot":1,"luminousworld:blackberry":3,"minecraft:clay_ball":4,"tombstone:grave_key":2,"minecraft:cornflower":1,"minecraft:string":5,"minecraft:raw_copper":43,"minecraft:item_frame":3,"minecraft:armor_stand":1,"quark:spruce_chest":1,"minecraft:diamond_leggings":1,"minecraft:cobbled_deepslate":653,"iceandfire:frost_lily":3,"minecraft:spruce_planks":49,"minecraft:beef":12,"minecraft:written_book":1,"minecraft:poppy":8,"twilightforest:firefly_jar":1,"minecraft:egg":4,"minecraft:raw_iron":43,"luminousworld:spuds":1,"minecraft:composter":1,"minecraft:spruce_fence":1,"quark:yellow_corundum_cluster":7,"iceandfire:rotten_egg":1,"tombstone:grave_dust":1,"minecraft:diorite":74,"twilightforest:firefly":1,"alexsmobs:crocodile_scute":1,"minecraft:dark_oak_planks":1,"quark:yellow_corundum":1,"minecraft:arrow":1,"minecraft:rotten_flesh":3,"quark:violet_corundum_cluster":1,"minecraft:hay_block":1,"minecraft:mutton":9,"minecraft:iron_bars":1,"minecraft:skeleton_skull":1,"minecraft:white_wool":5,"minecraft:cobblestone":497,"minecraft:feather":2,"twilightforest:twilight_oak_log":1,"twilightforest:twilight_oak_wood":1,"minecraft:andesite":120,"minecraft:brown_wool":1,"luminousworld:ishstone":10,"minecraft:leather":5,"minecraft:potato":10,"minecraft:flint":2,"minecraft:tuff":12,"minecraft:oak_log":1,"minecraft:cobblestone_stairs":1,"minecraft:lapis_lazuli":16,"minecraft:dirt":89,"minecraft:blue_bed":8,"minecraft:lantern":2,"twilightforest:canopy_sapling":1,"minecraft:cooked_mutton":1,"naturalist:bass":3,"twilightforest:raw_venison":4,"minecraft:bone":3,"minecraft:wheat_seeds":5,"minecraft:iron_ingot":7,"minecraft:dark_oak_stairs":2,"luminousworld:bass_item":2,"quark:white_shard":2,"minecraft:pumpkin":1,"minecraft:sweet_berries":55,"minecraft:dandelion":9,"minecraft:poisonous_potato":1,"minecraft:gravel":38,"minecraft:spruce_sapling":5,"minecraft:spruce_log":69,"minecraft:spider_eye":1,"alexsmobs:raw_catfish":5,"minecraft:diamond":18,"luminousworld:blueberry":6,"minecraft:granite":10,"minecraft:azure_bluet":1,"minecraft:baked_potato":4,"twilightforest:torchberries":1,"iceandfire:raw_silver":5,"minecraft:coal":8,"minecraft:wheat":2}},"DataVersion":3465}