{"stats":{"minecraft:used":{"minecraft:beetroot":40,"twilightforest:spiral_bricks":1,"minecraft:poppy":4,"aether:aether_portal_frame":1,"minecraft:iron_sword":220,"minecraft:rotten_flesh":2,"minecraft:mutton":4,"naturalist:cooked_bass":3,"minecraft:obsidian":15,"luminousworld:blueberry":3,"minecraft:written_book":6,"minecraft:sweet_berries":92,"minecraft:furnace":2,"minecraft:gray_bed":1,"minecraft:potato":31,"alexsmobs:raw_catfish":2,"twilightforest:naga_trophy":1,"minecraft:diorite":13,"minecraft:stone_pickaxe":131,"minecraft:wooden_pickaxe":59,"minecraft:blue_bed":10,"minecraft:golden_apple":1,"iceandfire:silver_pickaxe":430,"quark:yellow_corundum":1,"minecraft:bread":3,"minecraft:string":1,"iceandfire:ice_dragon_flesh":1,"minecraft:gravel":3,"minecraft:diamond_sword":14,"minecraft:wooden_sword":55,"minecraft:andesite":1,"iceandfire:silver_sword":116,"minecraft:flint_and_steel":1,"minecraft:stone_shovel":84,"minecraft:spruce_planks":80,"minecraft:stick":2,"minecraft:torch":2,"minecraft:dirt":19,"minecraft:granite":1,"iceandfire:dragonegg_sapphire":1,"minecraft:wooden_axe":129,"quark:spruce_chest":3,"minecraft:barrel":1,"minecraft:beef":1,"tombstone:gift":6,"minecraft:cooked_beef":6,"minecraft:cobbled_deepslate":163,"minecraft:pumpkin":1,"minecraft:beetroot_soup":1,"minecraft:cooked_mutton":4,"alexsmobs:cooked_catfish":3,"minecraft:water_bucket":16,"luminousworld:blackberry":2,"minecraft:baked_potato":6,"luminousworld:ishstone":8,"twilightforest:naga_chestplate":1,"minecraft:crafting_table":7,"minecraft:iron_pickaxe":225,"twilightforest:firefly_jar":1,"minecraft:spruce_sapling":1,"minecraft:cobblestone":127,"minecraft:purple_bed":1,"twilightforest:raw_venison":2,"vanillaplustools:iron_hammer":233,"minecraft:bucket":4,"alexsmobs:animal_dictionary":4,"iceandfire:silver_shovel":15,"minecraft:dandelion":8},"minecraft:crafted":{"minecraft:oak_planks":4,"minecraft:barrel":1,"iceandfire:silver_shovel":1,"naturalist:cooked_bass":3,"minecraft:cooked_mutton":3,"vanillaplustools:iron_hammer":1,"minecraft:diamond_helmet":1,"minecraft:iron_boots":1,"aether:diamond_gloves":1,"alexsmobs:cooked_catfish":3,"twilightforest:magic_map_focus":1,"iceandfire:armor_sapphire_helmet":1,"minecraft:crafting_table":6,"minecraft:spruce_planks":256,"minecraft:baked_potato":3,"minecraft:wooden_pickaxe":1,"minecraft:iron_helmet":1,"minecraft:iron_chestplate":1,"minecraft:diamond_pickaxe":1,"minecraft:stick":56,"minecraft:iron_ingot":43,"minecraft:iron_pickaxe":9,"iceandfire:silver_sword":1,"minecraft:wooden_sword":1,"minecraft:stone_shovel":1,"minecraft:furnace":2,"minecraft:spruce_slab":6,"minecraft:stone_pickaxe":1,"minecraft:diamond_boots":2,"quark:spruce_chest":2,"minecraft:diamond_sword":1,"iceandfire:silver_ingot":5,"minecraft:iron_sword":1,"minecraft:bucket":1,"minecraft:air":0,"twilightforest:naga_chestplate":1,"minecraft:wooden_axe":3,"minecraft:torch":32,"iceandfire:silver_pickaxe":1,"twilightforest:magic_map":1,"minecraft:diamond_chestplate":1},"minecraft:broken":{"minecraft:iron_boots":1,"minecraft:stone_pickaxe":1,"minecraft:wooden_sword":1,"minecraft:iron_sword":1,"minecraft:wooden_axe":3,"minecraft:wooden_pickaxe":1,"minecraft:iron_helmet":1},"minecraft:killed_by":{"minecraft:piglin_brute":2,"minecraft:creeper":1,"minecraft:piglin":1,"alexsmobs:crocodile":3,"iceandfire:ice_dragon":3,"minecraft:zombie":1,"luminousworld:frost_bitten_skeleton":2,"alexsmobs:grizzly_bear":1,"takesapillage:clay_golem":1,"minecraft:snow_golem":1,"twilightforest:naga":1,"enemyexpansion:vampire":1,"minecraft:skeleton":1},"minecraft:mined":{"minecraft:dark_oak_planks":1,"minecraft:spruce_planks":6,"minecraft:cobblestone_stairs":1,"minecraft:granite":10,"minecraft:grass_block":52,"quark:yellow_corundum":1,"minecraft:composter":1,"minecraft:spawner":5,"minecraft:iron_ore":44,"minecraft:cobbled_deepslate":1,"minecraft:fire":4,"twilightforest:twilight_oak_wood":1,"minecraft:pumpkin":1,"minecraft:dark_oak_stairs":2,"minecraft:dirt_path":3,"minecraft:iron_bars":1,"minecraft:potted_cornflower":1,"luminousworld:decorative_brown_2":1,"minecraft:brown_mushroom":1,"minecraft:blackstone":1,"twilightforest:spiral_bricks":2,"minecraft:poppy":8,"minecraft:chest":1,"twilightforest:twilight_oak_log":1,"luminousworld:spuds":2,"minecraft:cobblestone":24,"minecraft:iron_door":1,"minecraft:deepslate_copper_ore":6,"placeablesmod:iron_ingot_block_1":2,"minecraft:smooth_stone_slab":1,"minecraft:grass":28,"minecraft:oak_log":1,"minecraft:beetroots":63,"minecraft:dirt":59,"quark:yellow_corundum_cluster":3,"minecraft:oak_leaves":8,"minecraft:deepslate":855,"twilightforest:firefly":2,"luminousworld:groundpebbles_1":1,"minecraft:tuff":12,"iceandfire:silver_ore":5,"minecraft:mossy_cobblestone":5,"minecraft:deepslate_diamond_ore":18,"luminousworld:grassvariant_4":2,"luminousworld:blueberry_stage_1":1,"luminousworld:mossbuds_1":3,"luminousworld:mossbuds_2":9,"minecraft:white_stained_glass":1,"luminousworld:grassvariant_2":1,"luminousworld:blackberrybush":3,"minecraft:birch_slab":1,"minecraft:spruce_leaves":29,"luminousworld:groundpebbles_3":1,"placeablesmod:bowl_block_1":1,"minecraft:large_fern":13,"minecraft:hay_block":1,"twilightforest:mushgloom":1,"twilightforest:naga_trophy":1,"minecraft:andesite":157,"twilightforest:twilight_oak_leaves":4,"minecraft:stripped_spruce_log":3,"luminousworld:mossbuds_3":2,"minecraft:deepslate_iron_ore":7,"minecraft:vine":1,"iceandfire:frost_lily":2,"minecraft:stone":1163,"luminousworld:blueberrybush":4,"minecraft:dandelion":9,"ecologics:thin_ice":2,"minecraft:crafting_table":1,"minecraft:campfire":1,"minecraft:tall_grass":1,"minecraft:copper_ore":12,"minecraft:lapis_ore":2,"minecraft:diorite":127,"minecraft:blue_bed":10,"minecraft:purple_bed":1,"luminousworld:black_berry_stage_1":1,"minecraft:redstone_torch":1,"minecraft:sweet_berry_bush":15,"minecraft:ice":2,"minecraft:spruce_log":77,"minecraft:bee_nest":1,"minecraft:coal_ore":17,"luminousworld:ishstone":20,"quark:spruce_chest":2,"minecraft:gravel":44,"minecraft:dripstone_block":5,"minecraft:cobweb":2,"quark:violet_corundum_cluster":1,"minecraft:fern":3},"minecraft:dropped":{"minecraft:baked_potato":1,"minecraft:diamond":2,"minecraft:lantern":2,"luminousworld:blueberry":1,"minecraft:item_frame":1,"minecraft:red_mushroom":1,"minecraft:emerald":2,"minecraft:dirt":1,"twilightforest:firefly":1,"minecraft:bone":2,"minecraft:armor_stand":1,"minecraft:cobbled_deepslate":1,"minecraft:rabbit_foot":84,"iceandfire:frost_lily":3,"minecraft:spruce_slab":4,"minecraft:iron_bars":1,"minecraft:arrow":1,"iceandfire:silver_pickaxe":2,"minecraft:iron_ingot":2,"luminousworld:blackberry":1,"tombstone:grave_key":4,"minecraft:wooden_axe":1,"minecraft:diamond_helmet":1,"tombstone:grave_dust":2,"twilightforest:mushgloom":1,"minecraft:string":1,"minecraft:spruce_sapling":2,"twilightforest:raw_venison":2,"minecraft:smooth_stone_slab":2,"minecraft:raw_iron":4,"quark:white_shard":2,"minecraft:flower_pot":1,"minecraft:diamond_chestplate":1,"minecraft:spruce_planks":8,"luminousworld:groundpebbles_1":1,"minecraft:diamond_boots":1},"minecraft:killed":{"twilightforest:boar":1,"twilightforest:hostile_wolf":3,"luminousworld:frost_bitten_skeleton":2,"minecraft:skeleton":1,"luminousworld:bass_fish":2,"minecraft:piglin_brute":1,"alexsmobs:grizzly_bear":1,"minecraft:iron_golem":2,"twilightforest:raven":1,"twilightforest:skeleton_druid":1,"minecraft:sheep":4,"minecraft:pillager":1,"minecraft:zombie":7,"enemyexpansion:botfly":1,"minecraft:cow":4,"twilightforest:winter_wolf":2,"luminousworld:frostbitten_zombie":3,"twilightforest:deer":3,"luminousworld:swallowtail":1,"luminousworld:sunken_skeleton":1,"enemyexpansion:direwolf":4,"creeperoverhaul:snowy_creeper":2,"twilightforest:naga":1,"twilightforest:swarm_spider":2,"takesapillage:clay_golem":1,"naturalist:bass":4,"luminousworld:firefly":3,"twilightforest:kobold":4,"earthmobsmod:wooly_cow":1,"alexsmobs:catfish":3,"alexsmobs:crocodile":1,"twilightforest:bighorn_sheep":4,"enemyexpansion:slugger":1},"minecraft:custom":{"minecraft:interact_with_crafting_table":70,"minecraft:open_barrel":4,"minecraft:eat_cake_slice":10,"minecraft:leave_game":15,"minecraft:time_since_death":6575,"minecraft:sprint_one_cm":1358060,"minecraft:drop":138,"minecraft:play_noteblock":2,"minecraft:talked_to_villager":4,"minecraft:play_time":515430,"minecraft:deaths":31,"minecraft:jump":10270,"minecraft:walk_on_water_one_cm":96073,"minecraft:interact_with_furnace":36,"minecraft:interact_with_cartography_table":3,"minecraft:sleep_in_bed":26,"tombstone:sneak_grave":2,"minecraft:damage_dealt":16012,"minecraft:crouch_one_cm":9256,"tombstone:undead_killed":16,"minecraft:mob_kills":81,"minecraft:interact_with_campfire":4,"minecraft:damage_dealt_resisted":200,"minecraft:climb_one_cm":11672,"minecraft:walk_one_cm":1522868,"minecraft:sneak_time":4731,"minecraft:walk_under_water_one_cm":47551,"minecraft:total_world_time":515430,"tombstone:raider_killed":1,"minecraft:tune_noteblock":1,"minecraft:pot_flower":1,"minecraft:interact_with_stonecutter":1,"minecraft:time_since_rest":6346,"minecraft:damage_taken":10134,"minecraft:damage_absorbed":40,"minecraft:swim_one_cm":84155,"minecraft:fly_one_cm":6869019,"minecraft:open_chest":85,"minecraft:fall_one_cm":189645},"minecraft:picked_up":{"minecraft:wooden_axe":1,"minecraft:iron_chestplate":1,"minecraft:wheat":6,"luminousworld:blackberry":5,"minecraft:flower_pot":1,"twilightforest:naga_trophy":1,"tombstone:grave_key":2,"minecraft:string":5,"minecraft:raw_copper":43,"minecraft:smooth_stone_slab":2,"minecraft:beetroot_soup":1,"minecraft:armor_stand":1,"minecraft:beetroot":67,"minecraft:diamond_leggings":1,"minecraft:gold_nugget":2,"minecraft:cobbled_deepslate":755,"iceandfire:frost_lily":3,"minecraft:spruce_planks":51,"minecraft:written_book":7,"twilightforest:firefly_jar":1,"minecraft:stick":2,"minecraft:composter":1,"minecraft:torch":1,"quark:yellow_corundum_cluster":7,"minecraft:porkchop":2,"iceandfire:rotten_egg":1,"minecraft:diorite":78,"tombstone:grave_dust":3,"minecraft:rabbit_foot":20,"minecraft:rotten_flesh":3,"quark:violet_corundum_cluster":1,"minecraft:iron_bars":1,"minecraft:cobblestone":781,"minecraft:feather":2,"twilightforest:twilight_oak_log":1,"minecraft:andesite":149,"twilightforest:twilight_oak_wood":1,"minecraft:brown_wool":5,"minecraft:potato":10,"minecraft:flint":3,"minecraft:tuff":12,"minecraft:lapis_lazuli":16,"minecraft:dirt":107,"minecraft:lantern":2,"twilightforest:canopy_sapling":1,"minecraft:bone":4,"minecraft:wheat_seeds":7,"twilightforest:mushgloom":2,"luminousworld:bass_item":2,"iceandfire:dragonscales_sapphire":5,"minecraft:poisonous_potato":1,"minecraft:mossy_cobblestone":1,"minecraft:polished_andesite":2,"twilightforest:twilight_oak_sapling":1,"minecraft:diamond":19,"luminousworld:blueberry":6,"minecraft:granite":10,"minecraft:emerald":2,"twilightforest:arctic_fur":3,"twilightforest:torchberries":1,"iceandfire:silver_nugget":34,"iceandfire:raw_silver":5,"luminousworld:groundpebbles_1":1,"minecraft:charcoal":2,"minecraft:crafting_table":1,"minecraft:allium":1,"minecraft:chicken":1,"minecraft:azure_bluet":1,"minecraft:clay_ball":4,"minecraft:brown_mushroom":1,"minecraft:cornflower":1,"minecraft:iron_axe":1,"minecraft:item_frame":3,"minecraft:blackstone":1,"quark:spruce_chest":1,"minecraft:beef":12,"minecraft:poppy":9,"iceandfire:ice_dragon_heart":1,"minecraft:egg":4,"minecraft:raw_iron":50,"luminousworld:spuds":1,"minecraft:bowl":1,"minecraft:spruce_fence":1,"minecraft:fire_charge":1,"twilightforest:firefly":2,"alexsmobs:crocodile_scute":1,"minecraft:dark_oak_planks":1,"quark:yellow_corundum":1,"minecraft:arrow":1,"minecraft:beetroot_seeds":75,"minecraft:hay_block":1,"minecraft:mutton":16,"minecraft:skeleton_skull":1,"minecraft:white_wool":5,"luminousworld:ishstone":10,"minecraft:leather":7,"minecraft:red_mushroom":1,"minecraft:oak_log":1,"minecraft:cobblestone_stairs":1,"minecraft:blue_bed":10,"minecraft:paper":7,"naturalist:bass":3,"minecraft:cooked_mutton":1,"twilightforest:raw_venison":8,"minecraft:iron_ingot":12,"minecraft:dark_oak_stairs":2,"quark:white_shard":2,"minecraft:pumpkin":1,"minecraft:sweet_berries":97,"minecraft:dandelion":9,"minecraft:gravel":41,"minecraft:dripstone_block":4,"minecraft:spruce_sapling":11,"minecraft:spruce_log":80,"minecraft:spider_eye":1,"alexsmobs:raw_catfish":5,"iceandfire:silver_pickaxe":2,"minecraft:purple_bed":1,"twilightforest:raven_feather":1,"minecraft:painting":6,"iceandfire:ice_dragon_flesh":2,"minecraft:baked_potato":4,"twilightforest:spiral_bricks":2,"minecraft:coal":9}},"DataVersion":3465}