{"stats":{"minecraft:custom":{"minecraft:mob_kills":53,"minecraft:interact_with_crafting_table":57,"minecraft:open_barrel":1,"minecraft:interact_with_campfire":4,"minecraft:damage_dealt_resisted":200,"minecraft:eat_cake_slice":10,"minecraft:leave_game":9,"minecraft:time_since_death":31296,"minecraft:climb_one_cm":8847,"minecraft:sprint_one_cm":945016,"minecraft:walk_one_cm":1168322,"minecraft:drop":40,"minecraft:play_noteblock":2,"minecraft:talked_to_villager":4,"minecraft:play_time":345042,"minecraft:sneak_time":2825,"minecraft:deaths":17,"minecraft:walk_under_water_one_cm":38911,"minecraft:jump":7323,"minecraft:walk_on_water_one_cm":66433,"minecraft:total_world_time":345042,"minecraft:interact_with_furnace":35,"minecraft:interact_with_cartography_table":3,"minecraft:tune_noteblock":1,"minecraft:pot_flower":1,"minecraft:interact_with_stonecutter":1,"minecraft:sleep_in_bed":20,"minecraft:time_since_rest":22981,"minecraft:damage_absorbed":40,"minecraft:damage_taken":6016,"tombstone:sneak_grave":1,"minecraft:damage_dealt":9125,"minecraft:swim_one_cm":51287,"minecraft:fly_one_cm":4105874,"minecraft:open_chest":70,"minecraft:crouch_one_cm":5070,"tombstone:undead_killed":9,"minecraft:fall_one_cm":126888},"minecraft:broken":{"minecraft:wooden_pickaxe":1,"minecraft:stone_pickaxe":1,"minecraft:wooden_sword":1,"minecraft:wooden_axe":3},"minecraft:killed":{"twilightforest:deer":1,"luminousworld:frostbitten_zombie":3,"twilightforest:hostile_wolf":3,"luminousworld:swallowtail":1,"luminousworld:frost_bitten_skeleton":2,"luminousworld:sunken_skeleton":1,"enemyexpansion:direwolf":1,"creeperoverhaul:snowy_creeper":2,"twilightforest:swarm_spider":2,"takesapillage:clay_golem":1,"naturalist:bass":4,"luminousworld:bass_fish":2,"luminousworld:firefly":1,"minecraft:iron_golem":2,"twilightforest:kobold":3,"twilightforest:skeleton_druid":1,"earthmobsmod:wooly_cow":1,"minecraft:sheep":4,"alexsmobs:catfish":3,"minecraft:zombie":1,"alexsmobs:crocodile":1,"twilightforest:winter_wolf":2,"enemyexpansion:slugger":1,"minecraft:cow":4},"minecraft:crafted":{"minecraft:wooden_sword":1,"minecraft:oak_planks":4,"minecraft:stone_shovel":1,"iceandfire:silver_shovel":1,"minecraft:furnace":2,"naturalist:cooked_bass":3,"minecraft:cooked_mutton":3,"vanillaplustools:iron_hammer":1,"minecraft:diamond_helmet":1,"minecraft:iron_boots":1,"minecraft:stone_pickaxe":1,"minecraft:diamond_boots":1,"alexsmobs:cooked_catfish":3,"quark:spruce_chest":2,"iceandfire:silver_ingot":5,"minecraft:crafting_table":5,"minecraft:spruce_planks":232,"minecraft:iron_helmet":1,"minecraft:baked_potato":3,"minecraft:wooden_pickaxe":1,"minecraft:iron_sword":1,"minecraft:bucket":1,"minecraft:air":0,"minecraft:iron_chestplate":1,"minecraft:stick":52,"minecraft:iron_ingot":43,"minecraft:iron_pickaxe":9,"minecraft:wooden_axe":3,"minecraft:torch":32,"iceandfire:silver_pickaxe":1,"minecraft:diamond_chestplate":1},"minecraft:killed_by":{"minecraft:snow_golem":1,"minecraft:creeper":1,"enemyexpansion:vampire":1,"alexsmobs:crocodile":3,"minecraft:skeleton":1,"minecraft:zombie":1,"luminousworld:frost_bitten_skeleton":2,"takesapillage:clay_golem":1},"minecraft:used":{"minecraft:stone_shovel":84,"minecraft:poppy":4,"minecraft:spruce_planks":78,"minecraft:iron_sword":114,"minecraft:rotten_flesh":2,"minecraft:torch":2,"minecraft:dirt":16,"minecraft:mutton":2,"naturalist:cooked_bass":3,"minecraft:granite":1,"minecraft:wooden_axe":129,"quark:spruce_chest":3,"luminousworld:blueberry":3,"minecraft:beef":1,"minecraft:written_book":5,"minecraft:sweet_berries":46,"minecraft:furnace":2,"tombstone:gift":6,"minecraft:beetroot_soup":1,"minecraft:cooked_beef":6,"minecraft:potato":31,"minecraft:pumpkin":1,"minecraft:cobbled_deepslate":163,"alexsmobs:raw_catfish":2,"minecraft:cooked_mutton":4,"alexsmobs:cooked_catfish":3,"minecraft:water_bucket":4,"minecraft:diorite":13,"luminousworld:blackberry":1,"minecraft:stone_pickaxe":131,"minecraft:baked_potato":6,"minecraft:wooden_pickaxe":59,"luminousworld:ishstone":8,"minecraft:blue_bed":9,"minecraft:golden_apple":1,"minecraft:crafting_table":5,"iceandfire:silver_pickaxe":345,"quark:yellow_corundum":1,"minecraft:string":1,"minecraft:bread":3,"minecraft:iron_pickaxe":225,"twilightforest:firefly_jar":1,"minecraft:gravel":3,"minecraft:spruce_sapling":1,"minecraft:wooden_sword":55,"minecraft:cobblestone":52,"twilightforest:raw_venison":2,"vanillaplustools:iron_hammer":233,"minecraft:andesite":1,"minecraft:bucket":4,"alexsmobs:animal_dictionary":4,"iceandfire:silver_shovel":7,"minecraft:dandelion":8},"minecraft:mined":{"twilightforest:firefly":2,"luminousworld:groundpebbles_1":1,"iceandfire:silver_ore":5,"luminousworld:grassvariant_4":2,"minecraft:deepslate_diamond_ore":18,"luminousworld:blueberry_stage_1":1,"minecraft:cobblestone_stairs":1,"luminousworld:mossbuds_1":3,"minecraft:granite":10,"luminousworld:mossbuds_2":9,"minecraft:grass_block":50,"minecraft:white_stained_glass":1,"quark:yellow_corundum":1,"luminousworld:grassvariant_2":1,"luminousworld:blackberrybush":2,"minecraft:spruce_leaves":20,"minecraft:composter":1,"luminousworld:groundpebbles_3":1,"minecraft:spawner":4,"minecraft:large_fern":13,"minecraft:hay_block":1,"twilightforest:mushgloom":1,"minecraft:iron_ore":44,"minecraft:cobbled_deepslate":1,"minecraft:andesite":157,"twilightforest:twilight_oak_wood":1,"minecraft:stripped_spruce_log":3,"twilightforest:twilight_oak_leaves":4,"luminousworld:mossbuds_3":1,"minecraft:pumpkin":1,"minecraft:dark_oak_stairs":2,"minecraft:vine":1,"minecraft:deepslate_iron_ore":7,"minecraft:dirt_path":3,"minecraft:iron_bars":1,"minecraft:potted_cornflower":1,"iceandfire:frost_lily":2,"minecraft:stone":1163,"minecraft:dandelion":9,"ecologics:thin_ice":2,"minecraft:crafting_table":1,"minecraft:poppy":8,"minecraft:chest":1,"twilightforest:twilight_oak_log":1,"luminousworld:spuds":2,"minecraft:campfire":1,"minecraft:copper_ore":12,"minecraft:tall_grass":1,"minecraft:cobblestone":17,"minecraft:lapis_ore":2,"minecraft:diorite":127,"minecraft:iron_door":1,"minecraft:blue_bed":9,"minecraft:deepslate_copper_ore":6,"minecraft:redstone_torch":1,"minecraft:sweet_berry_bush":15,"minecraft:ice":2,"placeablesmod:iron_ingot_block_1":2,"minecraft:spruce_log":70,"minecraft:grass":15,"minecraft:oak_log":1,"minecraft:coal_ore":17,"luminousworld:ishstone":20,"quark:spruce_chest":2,"minecraft:gravel":44,"minecraft:dripstone_block":5,"minecraft:dirt":59,"quark:yellow_corundum_cluster":3,"minecraft:cobweb":2,"minecraft:deepslate":855,"minecraft:dark_oak_planks":1,"quark:violet_corundum_cluster":1,"minecraft:oak_leaves":5,"minecraft:fern":2,"minecraft:spruce_planks":6,"minecraft:tuff":12},"minecraft:dropped":{"minecraft:baked_potato":1,"minecraft:diamond":1,"minecraft:lantern":2,"luminousworld:blueberry":1,"minecraft:item_frame":1,"minecraft:dirt":1,"tombstone:grave_key":4,"minecraft:wooden_axe":1,"minecraft:diamond_helmet":1,"minecraft:string":1,"minecraft:bone":2,"minecraft:spruce_sapling":2,"minecraft:armor_stand":1,"twilightforest:raw_venison":2,"minecraft:cobbled_deepslate":1,"minecraft:raw_iron":4,"quark:white_shard":2,"minecraft:flower_pot":1,"minecraft:diamond_chestplate":1,"minecraft:spruce_planks":8,"luminousworld:groundpebbles_1":1,"iceandfire:frost_lily":3,"minecraft:diamond_boots":1,"minecraft:iron_bars":1,"minecraft:arrow":1,"minecraft:iron_ingot":2},"minecraft:picked_up":{"minecraft:wooden_axe":1,"minecraft:allium":1,"luminousworld:blackberry":3,"luminousworld:groundpebbles_1":1,"minecraft:charcoal":2,"minecraft:crafting_table":1,"minecraft:wheat":5,"minecraft:azure_bluet":1,"minecraft:chicken":1,"minecraft:flower_pot":1,"minecraft:clay_ball":4,"tombstone:grave_key":2,"minecraft:cornflower":1,"minecraft:string":5,"minecraft:raw_copper":43,"minecraft:beetroot_soup":1,"minecraft:item_frame":3,"minecraft:armor_stand":1,"quark:spruce_chest":1,"minecraft:diamond_leggings":1,"minecraft:gold_nugget":1,"minecraft:cobbled_deepslate":755,"iceandfire:frost_lily":3,"minecraft:spruce_planks":49,"minecraft:beef":12,"minecraft:written_book":3,"minecraft:poppy":9,"twilightforest:firefly_jar":1,"minecraft:egg":4,"minecraft:raw_iron":50,"luminousworld:spuds":1,"minecraft:composter":1,"minecraft:spruce_fence":1,"quark:yellow_corundum_cluster":7,"minecraft:fire_charge":1,"iceandfire:rotten_egg":1,"tombstone:grave_dust":1,"minecraft:diorite":78,"twilightforest:firefly":2,"alexsmobs:crocodile_scute":1,"minecraft:dark_oak_planks":1,"quark:yellow_corundum":1,"minecraft:arrow":1,"minecraft:rotten_flesh":3,"quark:violet_corundum_cluster":1,"minecraft:hay_block":1,"minecraft:mutton":9,"minecraft:iron_bars":1,"minecraft:skeleton_skull":1,"minecraft:white_wool":5,"minecraft:cobblestone":775,"minecraft:feather":2,"twilightforest:twilight_oak_log":1,"minecraft:brown_wool":1,"minecraft:andesite":149,"twilightforest:twilight_oak_wood":1,"luminousworld:ishstone":10,"minecraft:leather":5,"minecraft:potato":10,"minecraft:flint":3,"minecraft:tuff":12,"minecraft:oak_log":1,"minecraft:cobblestone_stairs":1,"minecraft:lapis_lazuli":16,"minecraft:dirt":99,"minecraft:blue_bed":9,"minecraft:paper":5,"minecraft:lantern":2,"twilightforest:canopy_sapling":1,"minecraft:cooked_mutton":1,"naturalist:bass":3,"twilightforest:raw_venison":4,"minecraft:bone":3,"minecraft:wheat_seeds":5,"minecraft:iron_ingot":12,"minecraft:dark_oak_stairs":2,"twilightforest:mushgloom":1,"luminousworld:bass_item":2,"quark:white_shard":2,"minecraft:pumpkin":1,"minecraft:sweet_berries":55,"minecraft:dandelion":9,"minecraft:poisonous_potato":1,"minecraft:dripstone_block":4,"minecraft:gravel":41,"minecraft:spruce_sapling":5,"minecraft:spruce_log":69,"minecraft:spider_eye":1,"alexsmobs:raw_catfish":5,"minecraft:diamond":18,"luminousworld:blueberry":6,"minecraft:granite":10,"twilightforest:arctic_fur":3,"minecraft:baked_potato":4,"twilightforest:torchberries":1,"minecraft:coal":9,"iceandfire:raw_silver":5}},"DataVersion":3465}