{"stats":{"minecraft:picked_up":{"minecraft:wooden_axe":1,"minecraft:charcoal":2,"luminousworld:groundpebbles_1":1,"minecraft:crafting_table":1,"luminousworld:blackberry":3,"minecraft:flower_pot":1,"tombstone:grave_key":2,"minecraft:cornflower":1,"minecraft:string":2,"minecraft:raw_copper":43,"minecraft:armor_stand":1,"minecraft:item_frame":3,"quark:spruce_chest":1,"minecraft:diamond_leggings":1,"minecraft:cobbled_deepslate":653,"minecraft:spruce_planks":49,"iceandfire:frost_lily":3,"minecraft:beef":8,"minecraft:raw_iron":43,"luminousworld:spuds":1,"quark:yellow_corundum_cluster":7,"tombstone:grave_dust":1,"minecraft:diorite":71,"alexsmobs:crocodile_scute":1,"minecraft:dark_oak_planks":1,"quark:yellow_corundum":1,"minecraft:arrow":1,"minecraft:rotten_flesh":3,"quark:violet_corundum_cluster":1,"minecraft:hay_block":1,"minecraft:skeleton_skull":1,"minecraft:mutton":9,"minecraft:iron_bars":1,"minecraft:white_wool":5,"minecraft:cobblestone":484,"minecraft:andesite":120,"luminousworld:ishstone":10,"minecraft:leather":4,"minecraft:potato":10,"minecraft:flint":2,"minecraft:tuff":12,"minecraft:oak_log":1,"minecraft:cobblestone_stairs":1,"minecraft:lapis_lazuli":16,"minecraft:blue_bed":8,"minecraft:dirt":46,"minecraft:lantern":2,"minecraft:cooked_mutton":1,"minecraft:bone":2,"minecraft:wheat_seeds":1,"minecraft:iron_ingot":7,"minecraft:dark_oak_stairs":2,"quark:white_shard":2,"minecraft:pumpkin":1,"minecraft:sweet_berries":42,"minecraft:gravel":38,"minecraft:spruce_sapling":4,"minecraft:spruce_log":48,"minecraft:diamond":18,"luminousworld:blueberry":3,"minecraft:granite":10,"minecraft:baked_potato":4,"iceandfire:raw_silver":4,"minecraft:coal":8},"minecraft:dropped":{"minecraft:baked_potato":1,"minecraft:lantern":2,"luminousworld:blueberry":1,"minecraft:item_frame":1,"tombstone:grave_key":4,"minecraft:wooden_axe":1,"minecraft:string":1,"minecraft:spruce_sapling":2,"minecraft:armor_stand":1,"minecraft:bone":2,"minecraft:cobbled_deepslate":1,"quark:white_shard":2,"minecraft:flower_pot":1,"minecraft:spruce_planks":8,"luminousworld:groundpebbles_1":1,"iceandfire:frost_lily":3,"minecraft:iron_bars":1,"minecraft:arrow":1},"minecraft:crafted":{"minecraft:wooden_sword":1,"minecraft:oak_planks":4,"minecraft:stone_shovel":1,"minecraft:furnace":2,"minecraft:cooked_mutton":3,"vanillaplustools:iron_hammer":1,"minecraft:stone_pickaxe":1,"quark:spruce_chest":2,"minecraft:crafting_table":5,"minecraft:spruce_planks":192,"minecraft:wooden_pickaxe":1,"minecraft:baked_potato":3,"minecraft:air":0,"minecraft:stick":48,"minecraft:iron_ingot":24,"minecraft:iron_pickaxe":9,"minecraft:wooden_axe":3,"minecraft:torch":32},"minecraft:custom":{"minecraft:mob_kills":26,"minecraft:interact_with_crafting_table":27,"minecraft:interact_with_campfire":4,"minecraft:damage_dealt_resisted":200,"minecraft:eat_cake_slice":10,"minecraft:leave_game":7,"minecraft:time_since_death":5634,"minecraft:climb_one_cm":1040,"minecraft:sprint_one_cm":553715,"minecraft:walk_one_cm":742018,"minecraft:drop":27,"minecraft:play_noteblock":2,"minecraft:talked_to_villager":4,"minecraft:play_time":205139,"minecraft:deaths":14,"minecraft:sneak_time":1805,"minecraft:walk_under_water_one_cm":13309,"minecraft:jump":4869,"minecraft:walk_on_water_one_cm":25266,"minecraft:total_world_time":205139,"minecraft:interact_with_furnace":18,"minecraft:interact_with_cartography_table":1,"minecraft:tune_noteblock":1,"minecraft:pot_flower":1,"minecraft:interact_with_stonecutter":1,"minecraft:sleep_in_bed":11,"minecraft:time_since_rest":3679,"minecraft:damage_taken":4326,"tombstone:sneak_grave":1,"minecraft:damage_dealt":4738,"minecraft:swim_one_cm":25012,"minecraft:fly_one_cm":886676,"minecraft:open_chest":12,"minecraft:crouch_one_cm":3071,"tombstone:undead_killed":7,"minecraft:fall_one_cm":88511},"minecraft:mined":{"minecraft:dark_oak_planks":1,"luminousworld:groundpebbles_1":1,"minecraft:tuff":12,"minecraft:spruce_planks":6,"iceandfire:silver_ore":4,"minecraft:deepslate_diamond_ore":18,"luminousworld:grassvariant_4":2,"minecraft:cobblestone_stairs":1,"minecraft:granite":10,"luminousworld:mossbuds_2":5,"minecraft:grass_block":21,"minecraft:white_stained_glass":1,"luminousworld:grassvariant_2":1,"quark:yellow_corundum":1,"luminousworld:blackberrybush":1,"minecraft:spruce_leaves":14,"luminousworld:groundpebbles_3":1,"minecraft:large_fern":9,"minecraft:hay_block":1,"minecraft:iron_ore":44,"minecraft:andesite":128,"minecraft:pumpkin":1,"minecraft:stripped_spruce_log":3,"luminousworld:mossbuds_3":1,"minecraft:dark_oak_stairs":2,"minecraft:dirt_path":2,"minecraft:iron_bars":1,"iceandfire:frost_lily":2,"minecraft:potted_cornflower":1,"minecraft:stone":676,"ecologics:thin_ice":2,"minecraft:crafting_table":1,"luminousworld:spuds":2,"minecraft:campfire":1,"minecraft:copper_ore":8,"minecraft:cobblestone":7,"minecraft:lapis_ore":2,"minecraft:diorite":89,"minecraft:iron_door":1,"minecraft:blue_bed":8,"minecraft:deepslate_copper_ore":6,"minecraft:redstone_torch":1,"minecraft:sweet_berry_bush":10,"minecraft:ice":2,"placeablesmod:iron_ingot_block_1":2,"minecraft:spruce_log":49,"minecraft:grass":1,"minecraft:oak_log":1,"minecraft:coal_ore":8,"luminousworld:ishstone":20,"quark:spruce_chest":1,"minecraft:gravel":40,"minecraft:dripstone_block":1,"minecraft:dirt":29,"quark:yellow_corundum_cluster":3,"minecraft:cobweb":2,"quark:violet_corundum_cluster":1,"minecraft:deepslate":748,"minecraft:oak_leaves":5,"minecraft:fern":1},"minecraft:broken":{"minecraft:wooden_pickaxe":1,"minecraft:wooden_sword":1,"minecraft:wooden_axe":2},"minecraft:killed_by":{"minecraft:snow_golem":1,"minecraft:creeper":1,"enemyexpansion:vampire":1,"alexsmobs:crocodile":3,"minecraft:skeleton":1,"minecraft:zombie":1,"luminousworld:frost_bitten_skeleton":2},"minecraft:killed":{"luminousworld:frostbitten_zombie":3,"luminousworld:swallowtail":1,"luminousworld:frost_bitten_skeleton":1,"enemyexpansion:direwolf":1,"creeperoverhaul:snowy_creeper":2,"luminousworld:firefly":1,"minecraft:iron_golem":1,"minecraft:sheep":4,"alexsmobs:crocodile":1,"minecraft:zombie":1,"minecraft:cow":4,"enemyexpansion:slugger":1},"minecraft:used":{"minecraft:stone_shovel":37,"minecraft:spruce_planks":74,"minecraft:rotten_flesh":2,"minecraft:torch":2,"minecraft:dirt":2,"minecraft:mutton":2,"minecraft:granite":1,"minecraft:wooden_axe":116,"quark:spruce_chest":3,"luminousworld:blueberry":1,"minecraft:sweet_berries":32,"minecraft:furnace":2,"tombstone:gift":6,"minecraft:potato":31,"minecraft:cobbled_deepslate":55,"minecraft:pumpkin":1,"minecraft:cooked_mutton":4,"minecraft:diorite":10,"minecraft:stone_pickaxe":116,"minecraft:baked_potato":6,"luminousworld:blackberry":1,"minecraft:wooden_pickaxe":59,"luminousworld:ishstone":8,"minecraft:blue_bed":8,"minecraft:crafting_table":5,"quark:yellow_corundum":1,"minecraft:string":1,"minecraft:iron_pickaxe":225,"minecraft:spruce_sapling":1,"minecraft:wooden_sword":55,"minecraft:cobblestone":17,"vanillaplustools:iron_hammer":174,"alexsmobs:animal_dictionary":4}},"DataVersion":3465}