{"stats":{"minecraft:mined":{"minecraft:grass_block":2,"luminousworld:blueberrybush":3,"minecraft:sweet_berry_bush":16,"minecraft:spruce_leaves":1,"minecraft:spruce_log":7,"luminousworld:mossbuds_3":1},"minecraft:crafted":{"minecraft:spruce_planks":28},"minecraft:picked_up":{"minecraft:sweet_berries":39,"luminousworld:blueberry":6,"iceandfire:frost_lily":1,"tombstone:grave_key":1,"minecraft:spruce_log":7,"minecraft:mutton":2,"minecraft:dirt":3},"minecraft:killed":{"minecraft:sheep":1},"minecraft:used":{"minecraft:dirt":1,"minecraft:sweet_berries":16},"minecraft:killed_by":{"born_in_chaos_v1:door_knight":1,"born_in_chaos_v1:zombie_bruiser":1},"minecraft:custom":{"minecraft:time_since_rest":1,"minecraft:play_time":19198,"minecraft:sprint_one_cm":15530,"minecraft:deaths":2,"minecraft:damage_taken":740,"minecraft:walk_one_cm":75883,"minecraft:sneak_time":19,"minecraft:mob_kills":1,"minecraft:damage_dealt_resisted":40,"minecraft:jump":392,"minecraft:damage_dealt":183,"minecraft:time_since_death":1582,"minecraft:total_world_time":19198,"minecraft:fall_one_cm":9812,"minecraft:fly_one_cm":8058}},"DataVersion":3465}