{"stats":{"minecraft:used":{"minecraft:stone_sword":7,"minecraft:baked_potato":1,"minecraft:wooden_pickaxe":16,"luminousworld:groundpebbles_1":1,"minecraft:dirt":33,"minecraft:crafting_table":1,"minecraft:spruce_fence":1,"minecraft:snowball":5,"minecraft:flower_pot":4,"luminousworld:blueberry":5,"minecraft:bread":7,"minecraft:sweet_berries":42,"supplementaries:ash":1,"minecraft:potato":69,"luminousworld:clovers_1":1,"minecraft:pointed_dripstone":4},"minecraft:crafted":{"minecraft:crafting_table":1,"minecraft:spruce_planks":48,"minecraft:wooden_pickaxe":1,"minecraft:stick":4,"minecraft:stone_sword":1},"minecraft:killed_by":{"minecraft:illusioner":1},"minecraft:mined":{"luminousworld:yellowpetunias":7,"luminousworld:blueberrystage_0":1,"luminousworld:blueberrybush":5,"minecraft:crafting_table":1,"minecraft:grass_block":35,"minecraft:spruce_fence":3,"luminousworld:clovers_4":1,"luminousworld:grassvariant_2":1,"minecraft:spruce_leaves":9,"luminousworld:groundpebbles_3":1,"minecraft:carrots":11,"minecraft:wheat":2,"minecraft:sweet_berry_bush":30,"minecraft:spruce_log":13,"luminousworld:mossbuds_3":1,"minecraft:potatoes":36,"minecraft:pointed_dripstone":1,"luminousworld:snowgrass":3,"minecraft:dirt":11,"minecraft:flower_pot":4,"iceandfire:frost_lily":4,"minecraft:stone":16,"minecraft:oak_leaves":2},"minecraft:dropped":{"minecraft:stone_sword":1,"minecraft:potato":23,"tombstone:grave_key":1,"iceandfire:frost_lily":2,"minecraft:spruce_sapling":3},"minecraft:killed":{"creeperoverhaul:snowy_creeper":1,"minecraft:sheep":1},"minecraft:custom":{"minecraft:mob_kills":2,"minecraft:interact_with_crafting_table":4,"minecraft:bell_ring":1,"minecraft:damage_dealt_resisted":40,"minecraft:eat_cake_slice":4,"minecraft:leave_game":2,"minecraft:time_since_death":69578,"minecraft:sleep_in_bed":3,"minecraft:time_since_rest":8862,"minecraft:walk_one_cm":264264,"minecraft:sprint_one_cm":196882,"minecraft:damage_taken":1961,"minecraft:drop":19,"minecraft:damage_dealt":565,"minecraft:swim_one_cm":7846,"minecraft:fly_one_cm":345361,"minecraft:open_chest":4,"minecraft:crouch_one_cm":260,"minecraft:play_time":108319,"minecraft:deaths":3,"minecraft:sneak_time":258,"minecraft:walk_under_water_one_cm":8809,"minecraft:jump":3493,"minecraft:walk_on_water_one_cm":18597,"minecraft:total_world_time":108319,"minecraft:fall_one_cm":81725},"minecraft:picked_up":{"luminousworld:groundpebbles_1":1,"minecraft:crafting_table":1,"minecraft:wheat":4,"minecraft:flower_pot":4,"minecraft:potato":91,"tombstone:grave_key":4,"minecraft:blue_bed":1,"minecraft:dirt":45,"minecraft:cooked_mutton":1,"minecraft:bone":4,"minecraft:wheat_seeds":5,"iceandfire:frost_lily":7,"minecraft:stick":1,"luminousworld:clovers_1":1,"minecraft:sweet_berries":78,"minecraft:spruce_fence":3,"minecraft:spruce_sapling":7,"minecraft:pointed_dripstone":4,"minecraft:spruce_log":12,"minecraft:carrot":53,"minecraft:stone_sword":1,"minecraft:arrow":3,"luminousworld:yellowpetunias":4,"luminousworld:blueberry":13,"minecraft:bread":2,"minecraft:emerald":1,"minecraft:baked_potato":1,"supplementaries:ash":1,"minecraft:mutton":2,"minecraft:white_wool":2,"minecraft:snowball":4,"minecraft:cobblestone":16}},"DataVersion":3465}