{"stats":{"minecraft:custom":{"minecraft:interact_with_furnace":7,"minecraft:mob_kills":8,"minecraft:animals_bred":1,"tombstone:raider_killed":1,"minecraft:interact_with_crafting_table":16,"minecraft:interact_with_cartography_table":1,"minecraft:bell_ring":1,"minecraft:interact_with_stonecutter":1,"minecraft:damage_dealt_resisted":40,"minecraft:eat_cake_slice":4,"minecraft:leave_game":4,"minecraft:time_since_death":57676,"minecraft:sleep_in_bed":10,"minecraft:climb_one_cm":7883,"minecraft:time_since_rest":12503,"minecraft:damage_taken":4390,"minecraft:sprint_one_cm":526232,"minecraft:walk_one_cm":632341,"minecraft:drop":42,"minecraft:damage_dealt":1973,"minecraft:swim_one_cm":46690,"minecraft:fly_one_cm":2201995,"minecraft:open_chest":24,"minecraft:play_time":269341,"minecraft:crouch_one_cm":1234,"minecraft:deaths":8,"minecraft:sneak_time":485,"minecraft:walk_under_water_one_cm":22218,"minecraft:jump":7648,"minecraft:walk_on_water_one_cm":95964,"minecraft:total_world_time":269341,"minecraft:fall_one_cm":162373},"minecraft:crafted":{"minecraft:crafting_table":1,"minecraft:spruce_planks":64,"minecraft:wooden_pickaxe":1,"minecraft:furnace":1,"minecraft:copper_ingot":10,"iceandfire:copper_sword":1,"minecraft:stick":8,"minecraft:stone_pickaxe":1,"minecraft:stone_sword":2,"iceandfire:copper_pickaxe":1},"minecraft:killed":{"alexsmobs:grizzly_bear":1,"minecraft:spider":1,"twilightforest:raven":1,"creeperoverhaul:snowy_creeper":1,"minecraft:sheep":1,"minecraft:chicken":1,"iceandfire:pixie":1,"takesapillage:archer":1},"minecraft:killed_by":{"alexsmobs:crocodile":1,"minecraft:zombie":1,"alexsmobs:grizzly_bear":2,"minecraft:illusioner":1},"minecraft:used":{"minecraft:stone_sword":86,"minecraft:stone_pickaxe":30,"minecraft:baked_potato":1,"minecraft:wooden_pickaxe":17,"minecraft:sugar_cane":5,"luminousworld:groundpebbles_1":1,"minecraft:blue_bed":3,"minecraft:dirt":36,"iceandfire:copper_sword":31,"minecraft:crafting_table":2,"minecraft:carrot":64,"minecraft:spruce_fence":1,"minecraft:snowball":7,"minecraft:flower_pot":4,"luminousworld:blueberry":6,"minecraft:bread":7,"twilightforest:firefly_jar":1,"supplementaries:ash":1,"minecraft:sweet_berries":42,"minecraft:furnace":1,"minecraft:pumpkin":8,"minecraft:potato":172,"luminousworld:clovers_1":1,"minecraft:pointed_dripstone":4},"minecraft:mined":{"quark:violet_corundum":1,"luminousworld:yellowpetunias":7,"luminousworld:blueberrystage_0":1,"luminousworld:blueberrybush":6,"minecraft:dandelion":1,"minecraft:crafting_table":1,"minecraft:grass_block":65,"minecraft:spruce_fence":3,"minecraft:poppy":1,"luminousworld:clovers_4":1,"supplementaries:wild_flax":2,"luminousworld:grassvariant_2":1,"minecraft:copper_ore":16,"minecraft:tall_grass":7,"luminousworld:blackberrybush":1,"minecraft:spruce_leaves":19,"minecraft:sugar_cane":3,"luminousworld:groundpebbles_3":2,"minecraft:blue_bed":3,"luminousworld:black_berry_stage_1":1,"minecraft:carrots":11,"ecologics:seashell":4,"luminousworld:black_berry_stage_0":3,"minecraft:wheat":2,"minecraft:sweet_berry_bush":34,"minecraft:spruce_log":13,"minecraft:pumpkin":8,"luminousworld:mossbuds_3":1,"minecraft:grass":20,"twilightforest:firefly_jar":1,"minecraft:pointed_dripstone":1,"minecraft:potatoes":36,"luminousworld:snowgrass":3,"minecraft:flower_pot":4,"minecraft:dirt":11,"iceandfire:frost_lily":4,"minecraft:fern":1,"minecraft:stone":27,"minecraft:oak_leaves":6},"minecraft:dropped":{"minecraft:sweet_berries":42,"minecraft:wheat_seeds":23,"minecraft:stone_sword":2,"minecraft:stick":11,"minecraft:dirt":11,"minecraft:potato":24,"iceandfire:copper_sword":1,"tombstone:grave_key":6,"minecraft:fire_charge":1,"iceandfire:frost_lily":2,"minecraft:beetroot_soup":5,"minecraft:written_book":1,"minecraft:bone":4,"minecraft:spruce_sapling":3},"minecraft:picked_up":{"luminousworld:groundpebbles_1":2,"minecraft:crafting_table":1,"minecraft:wheat":4,"luminousworld:blackberry":3,"iceandfire:copper_sword":1,"minecraft:flower_pot":4,"ecologics:seashell":4,"minecraft:potato":92,"quark:black_corundum_cluster":1,"tombstone:grave_key":4,"supplementaries:flax_seeds":2,"minecraft:string":2,"minecraft:blue_bed":3,"minecraft:dirt":78,"minecraft:raw_copper":54,"minecraft:beetroot_soup":4,"minecraft:cooked_mutton":1,"minecraft:bone":4,"minecraft:wheat_seeds":27,"iceandfire:frost_lily":7,"minecraft:written_book":1,"minecraft:diamond_helmet":1,"minecraft:sugar_cane":5,"twilightforest:firefly_jar":1,"iceandfire:pixie_dust":2,"minecraft:stick":42,"luminousworld:clovers_1":1,"quark:violet_corundum":1,"minecraft:pumpkin":8,"minecraft:sweet_berries":107,"minecraft:spruce_fence":3,"quark:yellow_corundum_cluster":6,"minecraft:lily_of_the_valley":1,"minecraft:spruce_sapling":7,"minecraft:pointed_dripstone":4,"minecraft:carrot":53,"minecraft:spruce_log":12,"minecraft:spider_eye":1,"alexsmobs:raw_catfish":8,"minecraft:pumpkin_seeds":2,"minecraft:stone_sword":2,"minecraft:arrow":5,"minecraft:diamond_chestplate":1,"twilightforest:raven_feather":1,"luminousworld:yellowpetunias":4,"minecraft:diamond_boots":1,"luminousworld:blueberry":14,"quark:violet_corundum_cluster":2,"minecraft:emerald":1,"minecraft:bread":2,"supplementaries:ash":1,"minecraft:baked_potato":1,"minecraft:mutton":2,"minecraft:iron_bars":1,"minecraft:snowball":4,"minecraft:white_wool":2,"minecraft:cobblestone":35}},"DataVersion":3465}