{"stats":{"minecraft:custom":{"minecraft:mob_kills":21,"minecraft:animals_bred":1,"minecraft:interact_with_crafting_table":19,"minecraft:open_barrel":4,"minecraft:bell_ring":1,"minecraft:damage_dealt_resisted":40,"minecraft:eat_cake_slice":4,"minecraft:leave_game":5,"minecraft:time_since_death":16037,"minecraft:climb_one_cm":9608,"minecraft:sprint_one_cm":660606,"minecraft:walk_one_cm":869998,"minecraft:drop":45,"minecraft:play_time":345679,"minecraft:deaths":17,"minecraft:sneak_time":506,"minecraft:walk_under_water_one_cm":28402,"minecraft:jump":9909,"minecraft:walk_on_water_one_cm":145766,"minecraft:total_world_time":345679,"minecraft:interact_with_furnace":7,"tombstone:raider_killed":1,"minecraft:interact_with_cartography_table":1,"minecraft:interact_with_stonecutter":1,"minecraft:sleep_in_bed":11,"minecraft:time_since_rest":15840,"minecraft:damage_taken":7695,"minecraft:damage_absorbed":40,"minecraft:damage_dealt":4613,"minecraft:swim_one_cm":65429,"minecraft:fly_one_cm":2476865,"minecraft:open_chest":27,"minecraft:crouch_one_cm":1381,"tombstone:undead_killed":5,"minecraft:fall_one_cm":222042},"minecraft:killed_by":{"minecraft:piglin_brute":2,"minecraft:piglin":2,"alexsmobs:crocodile":1,"iceandfire:ice_dragon":2,"minecraft:zombie":2,"alexsmobs:grizzly_bear":2,"minecraft:illusioner":1},"minecraft:used":{"minecraft:beetroot":9,"minecraft:stone_sword":89,"minecraft:stick":1,"minecraft:dirt":36,"iceandfire:copper_sword":217,"minecraft:carrot":76,"iceandfire:dragonegg_sapphire":1,"minecraft:snowball":7,"minecraft:spruce_fence":1,"luminousworld:blueberry":6,"minecraft:birch_sapling":1,"minecraft:beef":7,"minecraft:sweet_berries":48,"supplementaries:ash":1,"minecraft:furnace":1,"minecraft:beetroot_seeds":9,"minecraft:potato":172,"minecraft:pumpkin":8,"luminousworld:clovers_1":1,"minecraft:pointed_dripstone":4,"minecraft:cooked_mutton":1,"minecraft:baked_potato":2,"minecraft:stone_pickaxe":36,"minecraft:wooden_pickaxe":17,"luminousworld:groundpebbles_1":1,"minecraft:sugar_cane":5,"minecraft:blue_bed":3,"minecraft:golden_apple":2,"minecraft:crafting_table":2,"minecraft:flower_pot":4,"minecraft:bread":11,"twilightforest:firefly_jar":1},"minecraft:dropped":{"minecraft:wheat_seeds":23,"minecraft:stick":11,"minecraft:dirt":11,"tombstone:grave_key":6,"minecraft:fire_charge":1,"minecraft:string":1,"minecraft:beetroot_soup":5,"minecraft:spruce_sapling":3,"minecraft:bone":4,"minecraft:sweet_berries":42,"minecraft:stone_sword":2,"minecraft:potato":24,"iceandfire:copper_sword":1,"minecraft:beetroot_seeds":18,"iceandfire:frost_lily":2,"minecraft:spider_eye":1,"minecraft:written_book":1},"minecraft:picked_up":{"luminousworld:groundpebbles_1":2,"minecraft:crafting_table":1,"minecraft:wheat":8,"luminousworld:blackberry":3,"iceandfire:copper_sword":1,"minecraft:flower_pot":4,"ecologics:seashell":4,"tombstone:grave_key":4,"minecraft:string":3,"minecraft:raw_copper":54,"minecraft:beetroot_soup":4,"minecraft:beetroot":12,"iceandfire:frost_lily":7,"minecraft:beef":4,"minecraft:written_book":1,"minecraft:player_head":1,"minecraft:iron_nugget":5,"minecraft:sugar_cane":5,"minecraft:birch_sapling":1,"twilightforest:firefly_jar":1,"iceandfire:pixie_dust":5,"minecraft:stick":44,"quark:violet_corundum":1,"minecraft:torch":30,"minecraft:spruce_fence":3,"quark:yellow_corundum_cluster":6,"minecraft:pointed_dripstone":4,"minecraft:carrot":53,"minecraft:stone_sword":2,"minecraft:arrow":7,"minecraft:diamond_chestplate":1,"minecraft:beetroot_seeds":27,"quark:violet_corundum_cluster":2,"minecraft:diamond_boots":1,"supplementaries:ash":1,"minecraft:mutton":2,"minecraft:cobblestone":35,"minecraft:iron_bars":1,"minecraft:snowball":4,"minecraft:white_wool":2,"minecraft:andesite":28,"minecraft:potato":92,"quark:black_corundum_cluster":1,"iceandfire:dragonegg_sapphire":1,"supplementaries:flax_seeds":2,"minecraft:blue_bed":3,"minecraft:dirt":81,"iceandfire:pixie_house_mushroom_red":1,"minecraft:cooked_mutton":1,"minecraft:bone":6,"minecraft:wheat_seeds":27,"minecraft:diamond_helmet":1,"luminousworld:clovers_1":1,"minecraft:pumpkin":8,"minecraft:sweet_berries":127,"minecraft:spruce_sapling":7,"minecraft:spruce_log":12,"minecraft:lily_of_the_valley":1,"minecraft:spider_eye":2,"alexsmobs:raw_catfish":8,"minecraft:pumpkin_seeds":2,"minecraft:diamond":21,"luminousworld:yellowpetunias":4,"twilightforest:raven_feather":1,"luminousworld:blueberry":14,"minecraft:emerald":1,"minecraft:bread":2,"minecraft:baked_potato":1,"iceandfire:silver_nugget":26},"minecraft:killed":{"minecraft:spider":3,"creeperoverhaul:snowy_creeper":1,"minecraft:skeleton":3,"minecraft:chicken":1,"alexsmobs:grizzly_bear":1,"twilightforest:raven":1,"minecraft:sheep":1,"enemyexpansion:meature":1,"minecraft:zombie":1,"iceandfire:pixie":4,"takesapillage:archer":1,"minecraft:cow":1},"minecraft:crafted":{"minecraft:furnace":1,"minecraft:diamond_leggings":1,"minecraft:stone_pickaxe":1,"iceandfire:copper_pickaxe":1,"minecraft:diamond_sword":1,"minecraft:crafting_table":1,"minecraft:spruce_planks":64,"minecraft:wooden_pickaxe":1,"minecraft:copper_ingot":10,"iceandfire:copper_sword":1,"minecraft:stick":8,"minecraft:stone_sword":2},"minecraft:mined":{"luminousworld:yellowpetunias":7,"luminousworld:grassvariant_4":6,"luminousworld:blue_petunias":1,"minecraft:grass_block":69,"minecraft:spruce_fence":3,"luminousworld:clovers_4":1,"luminousworld:grassvariant_2":2,"luminousworld:decorative_brown_mushroom_1":1,"luminousworld:blackberrybush":1,"minecraft:spruce_leaves":19,"luminousworld:groundpebbles_3":2,"minecraft:carrots":11,"minecraft:fire":12,"minecraft:pumpkin":8,"luminousworld:mossbuds_3":1,"supplementaries:stick":1,"minecraft:pointed_dripstone":1,"minecraft:potatoes":36,"twilightforest:firefly_jar":1,"luminousworld:snowgrass":3,"iceandfire:frost_lily":4,"minecraft:stone":27,"minecraft:player_head":1,"quark:violet_corundum":1,"luminousworld:blueberrystage_0":1,"luminousworld:blueberrybush":7,"minecraft:dandelion":1,"minecraft:crafting_table":1,"minecraft:poppy":1,"minecraft:rose_bush":1,"supplementaries:wild_flax":2,"minecraft:mushroom_stem":1,"minecraft:tall_grass":7,"minecraft:copper_ore":16,"minecraft:sugar_cane":3,"minecraft:blue_bed":3,"luminousworld:black_berry_stage_1":1,"ecologics:seashell":4,"luminousworld:black_berry_stage_0":3,"minecraft:wheat":2,"minecraft:sweet_berry_bush":37,"minecraft:spruce_log":13,"minecraft:birch_leaves":9,"iceandfire:pixie_house_mushroom_red":1,"minecraft:grass":20,"minecraft:beetroots":8,"minecraft:flower_pot":4,"minecraft:dirt":12,"minecraft:small_dripleaf":1,"minecraft:oak_leaves":6,"minecraft:fern":1}},"DataVersion":3465}