{"stats":{"minecraft:custom":{"minecraft:interact_with_furnace":2,"minecraft:mob_kills":3,"minecraft:interact_with_crafting_table":10,"minecraft:interact_with_cartography_table":1,"minecraft:bell_ring":1,"minecraft:interact_with_stonecutter":1,"minecraft:damage_dealt_resisted":40,"minecraft:eat_cake_slice":4,"minecraft:leave_game":4,"minecraft:time_since_death":54405,"minecraft:sleep_in_bed":7,"minecraft:climb_one_cm":6651,"minecraft:time_since_rest":8762,"minecraft:damage_taken":3381,"minecraft:sprint_one_cm":300310,"minecraft:walk_one_cm":448062,"minecraft:drop":32,"minecraft:damage_dealt":882,"minecraft:swim_one_cm":24137,"minecraft:fly_one_cm":969047,"minecraft:open_chest":20,"minecraft:play_time":191341,"minecraft:crouch_one_cm":1234,"minecraft:deaths":6,"minecraft:sneak_time":485,"minecraft:walk_under_water_one_cm":17649,"minecraft:jump":5545,"minecraft:walk_on_water_one_cm":55305,"minecraft:total_world_time":191341,"minecraft:fall_one_cm":114340},"minecraft:killed":{"creeperoverhaul:snowy_creeper":1,"minecraft:sheep":1,"minecraft:chicken":1},"minecraft:crafted":{"minecraft:crafting_table":1,"minecraft:spruce_planks":64,"minecraft:wooden_pickaxe":1,"minecraft:furnace":1,"minecraft:copper_ingot":1,"minecraft:stick":8,"minecraft:stone_pickaxe":1,"minecraft:stone_sword":1},"minecraft:killed_by":{"alexsmobs:crocodile":1,"minecraft:zombie":1,"minecraft:illusioner":1},"minecraft:used":{"minecraft:stone_sword":25,"minecraft:stone_pickaxe":30,"minecraft:baked_potato":1,"minecraft:wooden_pickaxe":17,"luminousworld:groundpebbles_1":1,"minecraft:blue_bed":2,"minecraft:dirt":36,"minecraft:crafting_table":2,"minecraft:carrot":21,"minecraft:spruce_fence":1,"minecraft:snowball":7,"minecraft:flower_pot":4,"luminousworld:blueberry":6,"minecraft:bread":7,"supplementaries:ash":1,"minecraft:sweet_berries":42,"minecraft:furnace":1,"minecraft:potato":146,"luminousworld:clovers_1":1,"minecraft:pointed_dripstone":4},"minecraft:mined":{"quark:violet_corundum":1,"luminousworld:yellowpetunias":7,"luminousworld:blueberrystage_0":1,"luminousworld:blueberrybush":6,"minecraft:crafting_table":1,"minecraft:grass_block":42,"minecraft:spruce_fence":3,"luminousworld:clovers_4":1,"supplementaries:wild_flax":2,"luminousworld:grassvariant_2":1,"minecraft:copper_ore":16,"minecraft:tall_grass":3,"luminousworld:blackberrybush":1,"minecraft:spruce_leaves":16,"luminousworld:groundpebbles_3":1,"minecraft:blue_bed":2,"luminousworld:black_berry_stage_1":1,"minecraft:carrots":11,"luminousworld:black_berry_stage_0":3,"minecraft:wheat":2,"minecraft:sweet_berry_bush":34,"minecraft:spruce_log":13,"minecraft:pumpkin":8,"luminousworld:mossbuds_3":1,"minecraft:grass":12,"minecraft:pointed_dripstone":1,"minecraft:potatoes":36,"luminousworld:snowgrass":3,"minecraft:flower_pot":4,"minecraft:dirt":11,"iceandfire:frost_lily":4,"minecraft:stone":27,"minecraft:oak_leaves":6},"minecraft:dropped":{"minecraft:wheat_seeds":23,"minecraft:stone_sword":1,"minecraft:dirt":11,"minecraft:potato":24,"tombstone:grave_key":6,"iceandfire:frost_lily":2,"minecraft:written_book":1,"minecraft:bone":4,"minecraft:spruce_sapling":3},"minecraft:picked_up":{"luminousworld:groundpebbles_1":1,"minecraft:crafting_table":1,"minecraft:wheat":4,"luminousworld:blackberry":3,"minecraft:flower_pot":4,"minecraft:potato":92,"quark:black_corundum_cluster":1,"tombstone:grave_key":4,"supplementaries:flax_seeds":2,"minecraft:blue_bed":2,"minecraft:dirt":55,"minecraft:raw_copper":54,"minecraft:cooked_mutton":1,"minecraft:bone":4,"minecraft:wheat_seeds":27,"iceandfire:frost_lily":7,"minecraft:written_book":1,"minecraft:diamond_helmet":1,"minecraft:stick":1,"luminousworld:clovers_1":1,"quark:violet_corundum":1,"minecraft:pumpkin":8,"minecraft:sweet_berries":107,"minecraft:spruce_fence":3,"quark:yellow_corundum_cluster":6,"minecraft:spruce_sapling":7,"minecraft:pointed_dripstone":4,"minecraft:carrot":53,"minecraft:spruce_log":12,"alexsmobs:raw_catfish":8,"minecraft:pumpkin_seeds":2,"minecraft:stone_sword":1,"minecraft:arrow":3,"minecraft:diamond_chestplate":1,"luminousworld:yellowpetunias":4,"minecraft:diamond_boots":1,"luminousworld:blueberry":14,"quark:violet_corundum_cluster":2,"minecraft:emerald":1,"minecraft:bread":2,"supplementaries:ash":1,"minecraft:baked_potato":1,"minecraft:mutton":2,"minecraft:iron_bars":1,"minecraft:snowball":4,"minecraft:white_wool":2,"minecraft:cobblestone":35}},"DataVersion":3465}