{"stats":{"minecraft:custom":{"minecraft:mob_kills":13,"minecraft:animals_bred":1,"minecraft:interact_with_crafting_table":16,"minecraft:bell_ring":1,"minecraft:damage_dealt_resisted":40,"minecraft:eat_cake_slice":4,"minecraft:leave_game":4,"minecraft:time_since_death":63676,"minecraft:climb_one_cm":7883,"minecraft:sprint_one_cm":539070,"minecraft:walk_one_cm":664677,"minecraft:drop":42,"minecraft:play_time":275341,"minecraft:deaths":8,"minecraft:sneak_time":485,"minecraft:walk_under_water_one_cm":22451,"minecraft:jump":7750,"minecraft:walk_on_water_one_cm":96979,"minecraft:total_world_time":275341,"minecraft:interact_with_furnace":7,"tombstone:raider_killed":1,"minecraft:interact_with_cartography_table":1,"minecraft:interact_with_stonecutter":1,"minecraft:sleep_in_bed":10,"minecraft:time_since_rest":18503,"minecraft:damage_taken":4581,"minecraft:damage_dealt":2909,"minecraft:swim_one_cm":47034,"minecraft:fly_one_cm":2210254,"minecraft:open_chest":24,"minecraft:crouch_one_cm":1234,"tombstone:undead_killed":1,"minecraft:fall_one_cm":163329},"minecraft:crafted":{"minecraft:furnace":1,"minecraft:stone_pickaxe":1,"iceandfire:copper_pickaxe":1,"minecraft:crafting_table":1,"minecraft:spruce_planks":64,"minecraft:wooden_pickaxe":1,"minecraft:copper_ingot":10,"iceandfire:copper_sword":1,"minecraft:stick":8,"minecraft:stone_sword":2},"minecraft:killed":{"minecraft:spider":3,"creeperoverhaul:snowy_creeper":1,"minecraft:chicken":1,"alexsmobs:grizzly_bear":1,"twilightforest:raven":1,"minecraft:sheep":1,"enemyexpansion:meature":1,"iceandfire:pixie":3,"takesapillage:archer":1},"minecraft:killed_by":{"alexsmobs:crocodile":1,"minecraft:zombie":1,"alexsmobs:grizzly_bear":2,"minecraft:illusioner":1},"minecraft:mined":{"luminousworld:yellowpetunias":7,"luminousworld:grassvariant_4":4,"luminousworld:blue_petunias":1,"minecraft:spruce_fence":3,"minecraft:grass_block":65,"luminousworld:clovers_4":1,"luminousworld:grassvariant_2":2,"luminousworld:decorative_brown_mushroom_1":1,"luminousworld:blackberrybush":1,"minecraft:spruce_leaves":19,"luminousworld:groundpebbles_3":2,"minecraft:carrots":11,"luminousworld:mossbuds_3":1,"minecraft:pumpkin":8,"minecraft:potatoes":36,"minecraft:pointed_dripstone":1,"twilightforest:firefly_jar":1,"luminousworld:snowgrass":3,"iceandfire:frost_lily":4,"minecraft:stone":27,"quark:violet_corundum":1,"luminousworld:blueberrystage_0":1,"luminousworld:blueberrybush":6,"minecraft:dandelion":1,"minecraft:crafting_table":1,"minecraft:poppy":1,"supplementaries:wild_flax":2,"minecraft:tall_grass":7,"minecraft:copper_ore":16,"minecraft:sugar_cane":3,"minecraft:blue_bed":3,"luminousworld:black_berry_stage_1":1,"ecologics:seashell":4,"luminousworld:black_berry_stage_0":3,"minecraft:wheat":2,"minecraft:sweet_berry_bush":34,"minecraft:spruce_log":13,"iceandfire:pixie_house_mushroom_red":1,"minecraft:grass":20,"minecraft:flower_pot":4,"minecraft:dirt":11,"minecraft:oak_leaves":6,"minecraft:fern":1},"minecraft:used":{"minecraft:stone_sword":86,"minecraft:dirt":36,"iceandfire:copper_sword":94,"minecraft:carrot":66,"minecraft:spruce_fence":1,"minecraft:snowball":7,"luminousworld:blueberry":6,"minecraft:sweet_berries":42,"supplementaries:ash":1,"minecraft:furnace":1,"minecraft:potato":172,"luminousworld:clovers_1":1,"minecraft:pumpkin":8,"minecraft:pointed_dripstone":4,"minecraft:stone_pickaxe":36,"minecraft:baked_potato":1,"minecraft:wooden_pickaxe":17,"luminousworld:groundpebbles_1":1,"minecraft:blue_bed":3,"minecraft:sugar_cane":5,"minecraft:crafting_table":2,"minecraft:flower_pot":4,"minecraft:bread":7,"twilightforest:firefly_jar":1},"minecraft:dropped":{"minecraft:wheat_seeds":23,"minecraft:stick":11,"minecraft:dirt":11,"tombstone:grave_key":6,"minecraft:fire_charge":1,"minecraft:spruce_sapling":3,"minecraft:beetroot_soup":5,"minecraft:bone":4,"minecraft:sweet_berries":42,"minecraft:stone_sword":2,"minecraft:potato":24,"iceandfire:copper_sword":1,"iceandfire:frost_lily":2,"minecraft:written_book":1},"minecraft:picked_up":{"luminousworld:groundpebbles_1":2,"minecraft:crafting_table":1,"minecraft:wheat":8,"luminousworld:blackberry":3,"iceandfire:copper_sword":1,"minecraft:flower_pot":4,"ecologics:seashell":4,"tombstone:grave_key":4,"minecraft:string":3,"minecraft:raw_copper":54,"minecraft:beetroot_soup":4,"iceandfire:frost_lily":7,"minecraft:written_book":1,"minecraft:sugar_cane":5,"twilightforest:firefly_jar":1,"iceandfire:pixie_dust":4,"minecraft:stick":42,"quark:violet_corundum":1,"quark:yellow_corundum_cluster":6,"minecraft:spruce_fence":3,"minecraft:pointed_dripstone":4,"minecraft:carrot":53,"minecraft:stone_sword":2,"minecraft:arrow":5,"minecraft:diamond_chestplate":1,"quark:violet_corundum_cluster":2,"minecraft:diamond_boots":1,"supplementaries:ash":1,"minecraft:mutton":2,"minecraft:cobblestone":35,"minecraft:iron_bars":1,"minecraft:snowball":4,"minecraft:white_wool":2,"minecraft:potato":92,"quark:black_corundum_cluster":1,"supplementaries:flax_seeds":2,"minecraft:dirt":78,"minecraft:blue_bed":3,"iceandfire:pixie_house_mushroom_red":1,"minecraft:cooked_mutton":1,"minecraft:bone":4,"minecraft:wheat_seeds":27,"minecraft:diamond_helmet":1,"luminousworld:clovers_1":1,"minecraft:pumpkin":8,"minecraft:sweet_berries":107,"minecraft:spruce_sapling":7,"minecraft:spruce_log":12,"minecraft:lily_of_the_valley":1,"minecraft:spider_eye":2,"alexsmobs:raw_catfish":8,"minecraft:pumpkin_seeds":2,"luminousworld:yellowpetunias":4,"twilightforest:raven_feather":1,"luminousworld:blueberry":14,"minecraft:bread":2,"minecraft:emerald":1,"minecraft:baked_potato":1}},"DataVersion":3465}