{"stats":{"minecraft:custom":{"minecraft:mob_kills":4,"minecraft:interact_with_crafting_table":22,"minecraft:open_barrel":4,"minecraft:leave_game":7,"minecraft:time_since_death":22693,"minecraft:climb_one_cm":9740,"minecraft:sprint_one_cm":959769,"minecraft:walk_one_cm":851311,"minecraft:drop":17,"minecraft:play_noteblock":1,"minecraft:talked_to_villager":23,"minecraft:play_time":258654,"minecraft:deaths":15,"minecraft:sneak_time":1712,"minecraft:walk_under_water_one_cm":42298,"minecraft:jump":5443,"minecraft:walk_on_water_one_cm":90049,"minecraft:total_world_time":258654,"minecraft:interact_with_furnace":12,"minecraft:interact_with_stonecutter":1,"minecraft:sleep_in_bed":8,"minecraft:time_since_rest":22293,"minecraft:damage_taken":6255,"minecraft:damage_dealt":2054,"minecraft:swim_one_cm":136442,"minecraft:fly_one_cm":1065362,"minecraft:player_kills":2,"minecraft:open_chest":25,"minecraft:crouch_one_cm":2064,"minecraft:fall_one_cm":103859},"minecraft:killed_by":{"earthmobsmod:stray_bone_spider":5,"endermanoverhaul:cave_enderman":1,"minecraft:spider":1,"iceandfire:ice_dragon":2,"minecraft:skeleton":1,"minecraft:zombie":3},"minecraft:used":{"minecraft:beetroot":1,"minecraft:light_blue_banner":1,"luminousworld:spuds":1,"iceandfire:silver_sword":46,"minecraft:spruce_slab":3,"minecraft:spruce_planks":22,"minecraft:iron_sword":41,"minecraft:stone_hoe":27,"minecraft:torch":11,"minecraft:dirt":74,"minecraft:cobblestone_wall":2,"minecraft:carrot":34,"minecraft:dark_oak_planks":1,"minecraft:wooden_axe":31,"quark:spruce_chest":1,"luminousworld:blueberry":3,"minecraft:lantern":1,"minecraft:red_carpet":3,"minecraft:sweet_berries":60,"minecraft:furnace":1,"tombstone:gift":2,"minecraft:potato":128,"minecraft:cooked_beef":2,"luminousworld:clovers_1":1,"luminousworld:decorative_brown_mushroom_1":1,"minecraft:wheat_seeds":1,"minecraft:cooked_mutton":1,"minecraft:dark_oak_stairs":1,"minecraft:water_bucket":6,"minecraft:diorite":2,"minecraft:stone_pickaxe":208,"luminousworld:blackberry":4,"minecraft:baked_potato":8,"minecraft:wooden_pickaxe":87,"minecraft:blue_bed":4,"minecraft:spruce_sign":1,"luminousworld:ishstone":5,"luminousworld:yellowpetunias":1,"minecraft:cookie":1,"luminousworld:white_petunias":2,"minecraft:crafting_table":3,"twilightforest:canopy_log":1,"minecraft:spruce_log":1,"minecraft:pumpkin_seeds":3,"minecraft:redstone_torch":1,"earthmobsmod:duck_egg":1,"minecraft:oxeye_daisy":4,"twilightforest:firefly":7,"minecraft:melon_slice":3,"minecraft:bread":15,"minecraft:spruce_sapling":1,"minecraft:diamond_sword":2,"minecraft:wooden_sword":29,"minecraft:cobblestone":2,"minecraft:bucket":7,"alexsmobs:animal_dictionary":1,"minecraft:experience_bottle":1},"minecraft:dropped":{"minecraft:wheat_seeds":10,"minecraft:brown_mushroom":1,"minecraft:diamond":1,"minecraft:poisonous_potato":1,"minecraft:cobblestone":154,"minecraft:granite":3,"twilightforest:twilight_oak_wood":1,"tombstone:grave_key":2,"minecraft:azure_bluet":2,"minecraft:spruce_fence":1,"minecraft:beef":1,"twilightforest:twilight_oak_log":2},"minecraft:picked_up":{"minecraft:crafting_table":2,"luminousworld:groundpebbles_1":1,"minecraft:wheat":7,"minecraft:azure_bluet":2,"luminousworld:blackberry":7,"minecraft:brown_mushroom":3,"tombstone:grave_key":2,"minecraft:raw_copper":16,"minecraft:item_frame":2,"minecraft:experience_bottle":1,"minecraft:beetroot":1,"minecraft:cobbled_deepslate":1,"earthmobsmod:duck_egg":1,"minecraft:spruce_planks":4,"minecraft:redstone_torch":1,"minecraft:iron_pickaxe":1,"minecraft:spruce_slab":5,"minecraft:tipped_arrow":3,"minecraft:stick":3,"minecraft:raw_iron":8,"luminousworld:spuds":1,"minecraft:torch":12,"minecraft:spruce_fence":1,"minecraft:cookie":1,"minecraft:diorite":12,"minecraft:carrot":32,"twilightforest:firefly":8,"minecraft:dark_oak_planks":1,"luminousworld:decorative_brown_mushroom_1":3,"minecraft:rotten_flesh":2,"minecraft:gold_ingot":1,"minecraft:skeleton_skull":1,"minecraft:cobblestone":392,"minecraft:oxeye_daisy":4,"twilightforest:twilight_oak_log":4,"minecraft:birch_slab":1,"minecraft:andesite":21,"luminousworld:ishstone":10,"twilightforest:twilight_oak_wood":1,"minecraft:potato":85,"minecraft:cobblestone_wall":2,"minecraft:gunpowder":1,"minecraft:dirt":94,"minecraft:lapis_lazuli":15,"minecraft:blue_bed":4,"minecraft:lantern":1,"minecraft:cooked_mutton":1,"minecraft:red_carpet":3,"minecraft:bone":3,"minecraft:light_blue_banner":1,"minecraft:wheat_seeds":12,"minecraft:iron_ingot":2,"minecraft:rabbit":1,"luminousworld:white_petunias":2,"minecraft:iron_sword":3,"minecraft:stone_hoe":1,"minecraft:dark_oak_stairs":2,"luminousworld:clovers_1":2,"quark:white_shard":8,"minecraft:pumpkin":5,"minecraft:sweet_berries":28,"minecraft:poisonous_potato":1,"iceandfire:pixie_house_birch":1,"twilightforest:canopy_log":7,"minecraft:stripped_spruce_log":1,"minecraft:spruce_sapling":2,"minecraft:spruce_log":26,"minecraft:mossy_cobblestone":3,"minecraft:pumpkin_seeds":9,"minecraft:diamond":31,"luminousworld:yellowpetunias":1,"luminousworld:blueberry":4,"minecraft:granite":8,"minecraft:emerald":1,"minecraft:bread":1,"minecraft:dark_oak_fence":1,"iceandfire:raw_silver":6},"minecraft:killed":{"enemyexpansion:intruder":1,"twilightforest:swarm_spider":1,"minecraft:piglin_brute":1},"minecraft:broken":{"minecraft:leather_helmet":1,"minecraft:leather_leggings":1,"minecraft:leather_chestplate":1,"minecraft:wooden_pickaxe":1,"minecraft:leather_boots":1},"minecraft:crafted":{"minecraft:wooden_sword":2,"minecraft:furnace":1,"minecraft:diamond_helmet":1,"minecraft:diamond_leggings":1,"minecraft:stone_pickaxe":3,"minecraft:diamond_boots":1,"quark:spruce_chest":1,"minecraft:stone_hoe":1,"minecraft:cooked_rabbit":1,"minecraft:cooked_beef":2,"minecraft:wooden_shovel":1,"minecraft:diamond_sword":1,"iceandfire:silver_ingot":6,"minecraft:crafting_table":2,"minecraft:spruce_planks":116,"minecraft:wooden_pickaxe":2,"minecraft:baked_potato":8,"minecraft:copper_ingot":3,"minecraft:bucket":2,"minecraft:diamond_pickaxe":1,"minecraft:stick":28,"minecraft:iron_ingot":4,"minecraft:wooden_axe":1,"iceandfire:silver_sword":1,"minecraft:diamond_chestplate":1},"minecraft:mined":{"luminousworld:white_petunias":2,"minecraft:dark_oak_planks":1,"twilightforest:firefly":8,"minecraft:red_carpet":1,"minecraft:spruce_planks":4,"minecraft:farmland":1,"luminousworld:yellowpetunias":1,"iceandfire:silver_ore":6,"minecraft:mossy_cobblestone":4,"luminousworld:grassvariant_4":1,"iceandfire:pixie_house_birch":1,"luminousworld:mossbuds_1":9,"minecraft:glow_lichen":1,"minecraft:granite":8,"minecraft:dark_oak_fence":1,"luminousworld:mossbuds_2":11,"minecraft:grass_block":48,"minecraft:spruce_fence":1,"luminousworld:clovers_4":1,"minecraft:white_stained_glass":2,"luminousworld:decorative_brown_mushroom_1":2,"luminousworld:blackberrybush":3,"minecraft:spruce_leaves":53,"minecraft:oxeye_daisy":4,"minecraft:large_fern":6,"minecraft:tall_seagrass":2,"minecraft:light_blue_wall_banner":1,"minecraft:iron_ore":4,"minecraft:fire":1,"minecraft:pumpkin":5,"minecraft:andesite":21,"twilightforest:twilight_oak_wood":1,"twilightforest:twilight_oak_leaves":1,"minecraft:stripped_spruce_log":1,"luminousworld:mossbuds_3":6,"minecraft:azure_bluet":1,"minecraft:dark_oak_stairs":2,"twilightforest:firefly_jar":1,"minecraft:vine":1,"minecraft:dirt_path":1,"minecraft:potted_cornflower":1,"luminousworld:groundpebbles_2":1,"luminousworld:clovers_3":1,"minecraft:stone":206,"minecraft:spruce_slab":5,"minecraft:brown_mushroom":1,"luminousworld:blueberrybush":2,"minecraft:crafting_table":2,"minecraft:torch":7,"twilightforest:twilight_oak_log":2,"luminousworld:spuds":1,"minecraft:copper_ore":2,"minecraft:tall_grass":1,"minecraft:cobblestone":5,"minecraft:lapis_ore":3,"twilightforest:mayapple":2,"minecraft:diorite":12,"minecraft:wall_torch":5,"minecraft:blue_bed":4,"minecraft:skeleton_skull":1,"minecraft:cobblestone_wall":2,"minecraft:redstone_torch":1,"minecraft:sweet_berry_bush":3,"minecraft:spruce_log":26,"minecraft:birch_leaves":5,"minecraft:pumpkin_stem":1,"twilightforest:root":1,"minecraft:grass":19,"minecraft:coal_ore":5,"luminousworld:ishstone":10,"minecraft:dirt":39,"twilightforest:canopy_log":8,"minecraft:oak_leaves":1,"minecraft:fern":5}},"DataVersion":3465}