{"stats":{"minecraft:custom":{"minecraft:mob_kills":1,"minecraft:interact_with_crafting_table":18,"minecraft:open_barrel":1,"minecraft:leave_game":4,"minecraft:time_since_death":5106,"minecraft:climb_one_cm":8014,"minecraft:sprint_one_cm":576776,"minecraft:walk_one_cm":561544,"minecraft:drop":6,"minecraft:play_noteblock":1,"minecraft:talked_to_villager":23,"minecraft:play_time":155793,"minecraft:deaths":4,"minecraft:sneak_time":962,"minecraft:walk_under_water_one_cm":6107,"minecraft:jump":2586,"minecraft:walk_on_water_one_cm":29295,"minecraft:total_world_time":155793,"minecraft:interact_with_furnace":11,"minecraft:interact_with_stonecutter":1,"minecraft:sleep_in_bed":6,"minecraft:time_since_rest":3547,"minecraft:damage_taken":2537,"minecraft:damage_dealt":336,"minecraft:swim_one_cm":27933,"minecraft:fly_one_cm":725737,"minecraft:open_chest":21,"minecraft:crouch_one_cm":1497,"minecraft:fall_one_cm":46357},"minecraft:broken":{"minecraft:leather_helmet":1,"minecraft:wooden_pickaxe":1},"minecraft:killed":{"twilightforest:swarm_spider":1},"minecraft:crafted":{"minecraft:wooden_sword":2,"minecraft:furnace":1,"minecraft:stone_pickaxe":3,"quark:spruce_chest":1,"minecraft:cooked_rabbit":1,"minecraft:cooked_beef":2,"minecraft:wooden_shovel":1,"iceandfire:silver_ingot":6,"minecraft:crafting_table":2,"minecraft:spruce_planks":80,"minecraft:baked_potato":8,"minecraft:wooden_pickaxe":2,"minecraft:copper_ingot":3,"minecraft:bucket":2,"minecraft:stick":16,"minecraft:iron_ingot":4,"minecraft:wooden_axe":1,"iceandfire:silver_sword":1},"minecraft:killed_by":{"minecraft:spider":1,"minecraft:zombie":1},"minecraft:used":{"minecraft:light_blue_banner":1,"minecraft:spruce_slab":3,"minecraft:spruce_planks":22,"minecraft:torch":10,"minecraft:dirt":28,"minecraft:carrot":34,"minecraft:dark_oak_planks":1,"minecraft:wooden_axe":20,"luminousworld:blueberry":2,"quark:spruce_chest":1,"minecraft:lantern":1,"minecraft:red_carpet":3,"minecraft:furnace":1,"tombstone:gift":2,"minecraft:cooked_beef":2,"minecraft:potato":128,"luminousworld:clovers_1":1,"luminousworld:decorative_brown_mushroom_1":1,"minecraft:cooked_mutton":1,"minecraft:dark_oak_stairs":1,"minecraft:water_bucket":3,"minecraft:stone_pickaxe":198,"minecraft:baked_potato":2,"luminousworld:blackberry":1,"minecraft:wooden_pickaxe":87,"minecraft:spruce_sign":1,"minecraft:blue_bed":4,"luminousworld:yellowpetunias":1,"luminousworld:white_petunias":2,"minecraft:crafting_table":3,"twilightforest:canopy_log":1,"minecraft:spruce_log":1,"minecraft:oxeye_daisy":4,"twilightforest:firefly":5,"minecraft:bread":3,"minecraft:melon_slice":3,"minecraft:wooden_sword":29,"minecraft:cobblestone":2,"minecraft:bucket":4,"alexsmobs:animal_dictionary":1,"minecraft:experience_bottle":1},"minecraft:mined":{"luminousworld:white_petunias":2,"minecraft:dark_oak_planks":1,"twilightforest:firefly":6,"minecraft:red_carpet":1,"minecraft:spruce_planks":4,"luminousworld:yellowpetunias":1,"iceandfire:silver_ore":6,"minecraft:mossy_cobblestone":3,"luminousworld:mossbuds_1":1,"minecraft:glow_lichen":1,"minecraft:granite":8,"minecraft:dark_oak_fence":1,"minecraft:grass_block":25,"minecraft:spruce_fence":1,"luminousworld:clovers_4":1,"minecraft:white_stained_glass":2,"luminousworld:decorative_brown_mushroom_1":2,"minecraft:spruce_leaves":19,"minecraft:oxeye_daisy":4,"minecraft:tall_seagrass":1,"minecraft:light_blue_wall_banner":1,"minecraft:iron_ore":4,"minecraft:pumpkin":1,"twilightforest:twilight_oak_wood":1,"minecraft:andesite":21,"minecraft:stripped_spruce_log":1,"twilightforest:twilight_oak_leaves":1,"minecraft:dark_oak_stairs":2,"minecraft:azure_bluet":1,"twilightforest:firefly_jar":1,"minecraft:vine":1,"minecraft:potted_cornflower":1,"luminousworld:groundpebbles_2":1,"luminousworld:clovers_3":1,"minecraft:stone":206,"minecraft:spruce_slab":5,"minecraft:brown_mushroom":1,"luminousworld:blueberrybush":2,"minecraft:crafting_table":2,"minecraft:torch":6,"twilightforest:twilight_oak_log":2,"minecraft:tall_grass":1,"minecraft:copper_ore":2,"minecraft:cobblestone":5,"minecraft:lapis_ore":3,"twilightforest:mayapple":2,"minecraft:diorite":10,"minecraft:blue_bed":4,"minecraft:wall_torch":5,"minecraft:skeleton_skull":1,"minecraft:redstone_torch":1,"minecraft:spruce_log":17,"twilightforest:root":1,"minecraft:grass":17,"minecraft:coal_ore":5,"luminousworld:ishstone":5,"minecraft:dirt":28,"twilightforest:canopy_log":8},"minecraft:dropped":{"minecraft:wheat_seeds":10,"minecraft:poisonous_potato":1,"twilightforest:twilight_oak_wood":1,"minecraft:spruce_fence":1,"minecraft:beef":1,"twilightforest:twilight_oak_log":2},"minecraft:picked_up":{"minecraft:wheat":7,"luminousworld:groundpebbles_1":1,"minecraft:crafting_table":2,"luminousworld:blackberry":3,"minecraft:brown_mushroom":3,"minecraft:raw_copper":16,"minecraft:item_frame":2,"minecraft:experience_bottle":1,"minecraft:cobbled_deepslate":1,"minecraft:spruce_planks":4,"minecraft:redstone_torch":1,"minecraft:spruce_slab":5,"minecraft:tipped_arrow":3,"minecraft:raw_iron":8,"minecraft:stick":3,"minecraft:torch":10,"minecraft:spruce_fence":1,"minecraft:cookie":1,"minecraft:diorite":10,"minecraft:carrot":32,"twilightforest:firefly":6,"minecraft:dark_oak_planks":1,"luminousworld:decorative_brown_mushroom_1":2,"minecraft:rotten_flesh":2,"minecraft:gold_ingot":1,"minecraft:skeleton_skull":1,"minecraft:cobblestone":211,"minecraft:oxeye_daisy":4,"twilightforest:twilight_oak_log":4,"minecraft:andesite":21,"luminousworld:ishstone":5,"twilightforest:twilight_oak_wood":1,"minecraft:potato":85,"minecraft:lapis_lazuli":15,"minecraft:blue_bed":4,"minecraft:dirt":51,"minecraft:lantern":1,"minecraft:cooked_mutton":1,"minecraft:red_carpet":3,"minecraft:light_blue_banner":1,"minecraft:wheat_seeds":11,"minecraft:iron_ingot":2,"minecraft:rabbit":1,"luminousworld:white_petunias":2,"minecraft:dark_oak_stairs":2,"luminousworld:clovers_1":2,"quark:white_shard":8,"minecraft:pumpkin":1,"minecraft:sweet_berries":5,"minecraft:poisonous_potato":1,"twilightforest:canopy_log":7,"minecraft:stripped_spruce_log":1,"minecraft:spruce_sapling":1,"minecraft:spruce_log":17,"minecraft:mossy_cobblestone":2,"luminousworld:yellowpetunias":1,"luminousworld:blueberry":3,"minecraft:granite":8,"minecraft:emerald":1,"minecraft:bread":1,"minecraft:dark_oak_fence":1,"iceandfire:raw_silver":6}},"DataVersion":3465}