{"stats":{"minecraft:custom":{"minecraft:interact_with_crafting_table":6,"minecraft:open_barrel":1,"minecraft:leave_game":4,"minecraft:time_since_death":69930,"minecraft:sleep_in_bed":1,"minecraft:climb_one_cm":8014,"minecraft:time_since_rest":25813,"minecraft:sprint_one_cm":373870,"minecraft:damage_taken":1419,"minecraft:walk_one_cm":339449,"minecraft:drop":5,"minecraft:damage_dealt":128,"minecraft:play_noteblock":1,"minecraft:swim_one_cm":20659,"minecraft:talked_to_villager":1,"minecraft:fly_one_cm":168415,"minecraft:open_chest":9,"minecraft:crouch_one_cm":1432,"minecraft:play_time":83793,"minecraft:deaths":2,"minecraft:sneak_time":652,"minecraft:walk_under_water_one_cm":770,"minecraft:jump":1510,"minecraft:walk_on_water_one_cm":16760,"minecraft:total_world_time":83793,"minecraft:fall_one_cm":29250},"minecraft:crafted":{"minecraft:wooden_sword":1,"minecraft:crafting_table":1,"minecraft:spruce_planks":52,"minecraft:wooden_pickaxe":1,"minecraft:stick":8,"minecraft:wooden_axe":1},"minecraft:killed_by":{"minecraft:zombie":1},"minecraft:used":{"minecraft:cooked_mutton":1,"minecraft:light_blue_banner":1,"minecraft:dark_oak_stairs":1,"minecraft:spruce_slab":3,"luminousworld:blackberry":1,"minecraft:spruce_planks":22,"minecraft:blue_bed":4,"luminousworld:yellowpetunias":1,"minecraft:torch":1,"minecraft:dirt":12,"luminousworld:white_petunias":2,"minecraft:crafting_table":2,"minecraft:carrot":25,"minecraft:spruce_log":1,"minecraft:wooden_axe":12,"minecraft:dark_oak_planks":1,"luminousworld:blueberry":2,"minecraft:lantern":1,"minecraft:bread":2,"minecraft:wooden_sword":3,"minecraft:red_carpet":3,"minecraft:bucket":1,"tombstone:gift":2,"alexsmobs:animal_dictionary":1,"minecraft:potato":108,"luminousworld:clovers_1":1,"luminousworld:decorative_brown_mushroom_1":1,"minecraft:experience_bottle":1},"minecraft:mined":{"luminousworld:white_petunias":2,"minecraft:dark_oak_planks":1,"minecraft:red_carpet":1,"minecraft:spruce_planks":4,"minecraft:brown_mushroom":1,"luminousworld:yellowpetunias":1,"luminousworld:blueberrybush":2,"minecraft:crafting_table":2,"minecraft:torch":2,"minecraft:dark_oak_fence":1,"minecraft:spruce_fence":1,"minecraft:grass_block":16,"luminousworld:clovers_4":1,"twilightforest:twilight_oak_log":2,"minecraft:white_stained_glass":2,"minecraft:tall_grass":1,"luminousworld:decorative_brown_mushroom_1":2,"minecraft:spruce_leaves":13,"minecraft:oxeye_daisy":4,"minecraft:blue_bed":4,"minecraft:skeleton_skull":1,"minecraft:tall_seagrass":1,"minecraft:light_blue_wall_banner":1,"twilightforest:twilight_oak_leaves":1,"minecraft:spruce_log":3,"twilightforest:root":1,"twilightforest:twilight_oak_wood":1,"minecraft:stripped_spruce_log":1,"minecraft:dark_oak_stairs":2,"minecraft:grass":5,"twilightforest:firefly_jar":1,"minecraft:vine":1,"minecraft:dirt":9,"luminousworld:clovers_3":1,"minecraft:potted_cornflower":1,"luminousworld:groundpebbles_2":1,"twilightforest:canopy_log":7,"minecraft:spruce_slab":5},"minecraft:dropped":{"minecraft:wheat_seeds":10,"minecraft:poisonous_potato":1,"twilightforest:twilight_oak_wood":1,"minecraft:beef":1,"twilightforest:twilight_oak_log":2},"minecraft:picked_up":{"luminousworld:groundpebbles_1":1,"minecraft:crafting_table":2,"minecraft:wheat":7,"luminousworld:blackberry":3,"twilightforest:twilight_oak_log":4,"twilightforest:twilight_oak_wood":1,"minecraft:brown_mushroom":1,"minecraft:potato":85,"minecraft:dirt":24,"minecraft:blue_bed":4,"minecraft:lantern":1,"minecraft:cooked_mutton":1,"minecraft:item_frame":2,"minecraft:red_carpet":3,"minecraft:experience_bottle":1,"minecraft:light_blue_banner":1,"minecraft:wheat_seeds":11,"minecraft:spruce_planks":4,"minecraft:rabbit":1,"minecraft:spruce_slab":5,"luminousworld:white_petunias":2,"minecraft:dark_oak_stairs":2,"minecraft:tipped_arrow":3,"minecraft:stick":3,"luminousworld:clovers_1":2,"quark:white_shard":8,"minecraft:sweet_berries":4,"minecraft:torch":1,"minecraft:poisonous_potato":1,"minecraft:spruce_fence":1,"twilightforest:canopy_log":6,"minecraft:spruce_sapling":1,"minecraft:stripped_spruce_log":1,"minecraft:cookie":1,"minecraft:spruce_log":3,"minecraft:carrot":32,"minecraft:dark_oak_planks":1,"luminousworld:decorative_brown_mushroom_1":2,"minecraft:rotten_flesh":2,"luminousworld:yellowpetunias":1,"luminousworld:blueberry":3,"minecraft:bread":1,"minecraft:gold_ingot":1,"minecraft:emerald":1,"minecraft:dark_oak_fence":1,"minecraft:skeleton_skull":1,"minecraft:oxeye_daisy":4}},"DataVersion":3465}