{"stats":{"minecraft:used":{"minecraft:dirt":4,"luminousworld:blueberry":2,"tombstone:gift":2},"minecraft:killed_by":{"minecraft:zombie":1},"minecraft:mined":{"luminousworld:white_petunias":2,"minecraft:grass_block":5,"minecraft:brown_mushroom":1,"luminousworld:yellowpetunias":1,"minecraft:dirt":1,"luminousworld:blueberrybush":2,"luminousworld:decorative_brown_mushroom_1":1,"luminousworld:groundpebbles_2":1,"minecraft:spruce_leaves":7},"minecraft:custom":{"minecraft:time_since_rest":3708,"minecraft:damage_taken":560,"minecraft:crouch_one_cm":441,"minecraft:sprint_one_cm":94964,"minecraft:play_time":19814,"minecraft:deaths":2,"minecraft:walk_one_cm":69840,"minecraft:sneak_time":46,"minecraft:walk_under_water_one_cm":32,"minecraft:jump":502,"minecraft:damage_dealt":28,"minecraft:leave_game":2,"minecraft:walk_on_water_one_cm":1991,"minecraft:time_since_death":5951,"minecraft:total_world_time":19814,"minecraft:swim_one_cm":5618,"minecraft:fall_one_cm":12103,"minecraft:fly_one_cm":68196},"minecraft:picked_up":{"luminousworld:blackberry":2,"luminousworld:groundpebbles_1":1,"luminousworld:decorative_brown_mushroom_1":1,"minecraft:brown_mushroom":1,"luminousworld:yellowpetunias":1,"luminousworld:blueberry":3,"luminousworld:white_petunias":2,"minecraft:dirt":5}},"DataVersion":3465}