{"stats":{"minecraft:picked_up":{"luminousworld:groundpebbles_1":1,"minecraft:crafting_table":1,"minecraft:wheat":5,"luminousworld:blackberry":3,"minecraft:brown_mushroom":1,"minecraft:potato":71,"minecraft:dirt":23,"minecraft:blue_bed":2,"minecraft:lantern":1,"minecraft:item_frame":2,"minecraft:cooked_mutton":1,"minecraft:red_carpet":3,"minecraft:experience_bottle":1,"minecraft:light_blue_banner":1,"minecraft:wheat_seeds":7,"minecraft:spruce_slab":5,"minecraft:rabbit":1,"luminousworld:white_petunias":2,"minecraft:dark_oak_stairs":2,"minecraft:tipped_arrow":3,"quark:white_shard":8,"minecraft:sweet_berries":1,"minecraft:torch":1,"minecraft:poisonous_potato":1,"minecraft:spruce_fence":1,"minecraft:stripped_spruce_log":1,"minecraft:cookie":1,"minecraft:spruce_log":3,"minecraft:carrot":32,"minecraft:dark_oak_planks":1,"luminousworld:decorative_brown_mushroom_1":2,"luminousworld:yellowpetunias":1,"luminousworld:blueberry":3,"minecraft:emerald":1,"minecraft:gold_ingot":1,"minecraft:bread":1,"minecraft:dark_oak_fence":1,"minecraft:skeleton_skull":1},"minecraft:used":{"minecraft:dark_oak_stairs":1,"minecraft:spruce_slab":3,"luminousworld:blackberry":1,"minecraft:blue_bed":2,"minecraft:torch":1,"minecraft:dirt":12,"minecraft:carrot":25,"minecraft:spruce_log":1,"minecraft:dark_oak_planks":1,"luminousworld:blueberry":2,"minecraft:lantern":1,"minecraft:red_carpet":3,"tombstone:gift":2,"alexsmobs:animal_dictionary":1,"minecraft:potato":23,"luminousworld:decorative_brown_mushroom_1":1},"minecraft:mined":{"luminousworld:white_petunias":2,"minecraft:dark_oak_planks":1,"minecraft:red_carpet":1,"minecraft:brown_mushroom":1,"luminousworld:yellowpetunias":1,"luminousworld:blueberrybush":2,"minecraft:crafting_table":1,"minecraft:torch":2,"minecraft:dark_oak_fence":1,"minecraft:grass_block":16,"minecraft:spruce_fence":1,"minecraft:white_stained_glass":2,"luminousworld:decorative_brown_mushroom_1":2,"minecraft:spruce_leaves":7,"minecraft:blue_bed":2,"minecraft:skeleton_skull":1,"minecraft:light_blue_wall_banner":1,"minecraft:spruce_log":3,"minecraft:stripped_spruce_log":1,"minecraft:dark_oak_stairs":2,"minecraft:dirt":8,"minecraft:potted_cornflower":1,"luminousworld:groundpebbles_2":1,"minecraft:spruce_slab":5},"minecraft:custom":{"minecraft:interact_with_crafting_table":1,"minecraft:open_barrel":1,"minecraft:leave_game":4,"minecraft:time_since_death":38787,"minecraft:time_since_rest":36544,"minecraft:sprint_one_cm":241311,"minecraft:walk_one_cm":224661,"minecraft:damage_taken":1190,"minecraft:damage_dealt":68,"minecraft:play_noteblock":1,"minecraft:swim_one_cm":6907,"minecraft:talked_to_villager":1,"minecraft:fly_one_cm":128458,"minecraft:open_chest":6,"minecraft:crouch_one_cm":441,"minecraft:play_time":52650,"minecraft:deaths":2,"minecraft:sneak_time":46,"minecraft:walk_under_water_one_cm":83,"minecraft:jump":1124,"minecraft:walk_on_water_one_cm":4990,"minecraft:total_world_time":52650,"minecraft:fall_one_cm":24154},"minecraft:killed_by":{"minecraft:zombie":1}},"DataVersion":3465}